county,total_number_2010,total_percent_2010,white_number_2010,white_percent_2010,black_number_2010,black_percent_2010,hispanic_number_2010,hispanic_percent_2010,geo,geo_two,GISJOIN,Geographic Area,total_number_2011,total_percent_2011,white_number_2011,white_percent_2011,black_number_2011,black_percent_2011,hispanic_number_2011,hispanic_percent_2011,geo_two2,GISJOIN2,geo_two2_2,GISJOIN2_2,Geographic Area2,total_number_2012,total_percent_2012,white_number_2012,white_percent_2012,black_number_2012,black_percent_2012,hispanic_number_2012,hispanic_percent_2012,geo_two2_3,GISJOIN2_3,geo_two2_4,GISJOIN2_4,Geographic Area2_2,total_number_2013,total_percent_2013,white_number_2013,white_percent_2013,black_number_2013,black_percent_2013,hispanic_number_2013,hispanic_percent_2013,geo_two2_5,GISJOIN2_5,geo_two2_6,GISJOIN2_6,Geographic Area2_3,total_number_2014,total_percent_2014,white_number_2014,white_percent_2014,black_number_2014,black_percent_2014,hispanic_number_2014,hispanic_percent_2014,geo_two2_7,GISJOIN2_7,total_sum_2010_2014,white_sum_2010_2014,black_sum_2010_2014,hispanic_sum_2010_2014
ANDERSON,315,55.5,211,59.1,34,42,70,53.8,0500000US48001,48001,G4800010,ANDERSON,382,63.1,234,64.5,52,57.8,96,63.2,48001,G4800010,48001,G4800010,ANDERSON,355,63.4,241,67.5,44,54.3,70,57.4,48001,G4800010,48001,G4800010,ANDERSON,370,64.2,249,74.1,46,47.9,75,52.1,48001,G4800010,48001,G4800010,ANDERSON,341,60.1,228,65.7,51,57.3,62,47.3,48001,G4800010,1763,1163,227,373
ANDREWS,175,69.4,80,79.2,0,-,95,62.9,0500000US48003,48003,G4800030,ANDREWS,159,60.5,66,66.7,2,*,91,56.5,48003,G4800030,48003,G4800030,ANDREWS,195,61.9,75,69.4,2,*,118,58.1,48003,G4800030,48003,G4800030,ANDREWS,217,66,81,77.1,0,-,136,61,48003,G4800030,48003,G4800030,ANDREWS,212,62.4,84,68.9,1,*,127,58.5,48003,G4800030,958,386,5,567
ANGELINA,688,58.4,391,60.7,89,50.9,208,57.8,0500000US48005,48005,G4800050,ANGELINA,736,60.3,426,64.7,123,58.9,187,53,48005,G4800050,48005,G4800050,ANGELINA,732,62,439,68,105,57.4,188,53.6,48005,G4800050,48005,G4800050,ANGELINA,736,60.2,460,66.4,112,59.9,164,47.8,48005,G4800050,48005,G4800050,ANGELINA,646,55.8,389,60.9,84,45.9,173,51.5,48005,G4800050,3538,2105,513,920
ARANSAS,144,55.2,85,55.6,3,*,56,56.6,0500000US48007,48007,G4800070,ARANSAS,113,53.8,67,57.3,2,*,44,48.4,48007,G4800070,48007,G4800070,ARANSAS,137,63.4,81,67.5,1,*,55,58.5,48007,G4800070,48007,G4800070,ARANSAS,131,51.6,80,51.6,1,*,50,51.5,48007,G4800070,48007,G4800070,ARANSAS,120,44.4,71,46.7,4,*,45,40.2,48007,G4800070,645,384,11,250
ARCHER,63,85.1,57,86.4,0,-,6,*,0500000US48009,48009,G4800090,ARCHER,50,80.6,43,82.7,0,-,7,*,48009,G4800090,48009,G4800090,ARCHER,61,81.3,55,83.3,0,-,6,*,48009,G4800090,48009,G4800090,ARCHER,57,83.8,52,85.2,0,-,5,*,48009,G4800090,48009,G4800090,ARCHER,65,78.3,57,78.1,0,-,8,*,48009,G4800090,296,264,0,32
ARMSTRONG,20,74.1,20,76.9,0,-,0,-,0500000US48011,48011,G4800110,ARMSTRONG,10,*,9,*,0,-,1,*,48011,G4800110,48011,G4800110,ARMSTRONG,21,70,21,72.4,0,-,0,-,48011,G4800110,48011,G4800110,ARMSTRONG,20,76.9,20,80,0,-,0,-,48011,G4800110,48011,G4800110,ARMSTRONG,11,*,11,*,0,-,0,-,48011,G4800110,82,81,0,1
ATASCOSA,426,71.2,116,71.6,0,-,310,71.4,0500000US48013,48013,G4800130,ATASCOSA,400,67.6,110,65.9,3,*,287,68.3,48013,G4800130,48013,G4800130,ATASCOSA,387,64.1,139,66.8,0,-,248,62.6,48013,G4800130,48013,G4800130,ATASCOSA,282,48.4,88,50.9,1,*,193,47.2,48013,G4800130,48013,G4800130,ATASCOSA,365,55.8,130,60.7,0,-,235,53.5,48013,G4800130,1860,583,4,1273
AUSTIN,184,53,107,58.8,14,41.2,63,48.1,0500000US48015,48015,G4800150,AUSTIN,189,59.2,106,65.4,14,51.9,69,53.1,48015,G4800150,48015,G4800150,AUSTIN,197,60.2,121,70.8,21,56.8,55,46.2,48015,G4800150,48015,G4800150,AUSTIN,182,57.4,106,67.1,12,34.3,64,51.6,48015,G4800150,48015,G4800150,AUSTIN,193,55.1,118,64.1,16,43.2,59,45.7,48015,G4800150,945,558,77,310
BAILEY,39,36.4,17,42.5,1,*,21,31.8,0500000US48017,48017,G4800170,BAILEY,54,41.9,23,62.2,1,*,30,33,48017,G4800170,48017,G4800170,BAILEY,58,50.4,30,65.2,0,-,28,40.6,48017,G4800170,48017,G4800170,BAILEY,51,49,24,70.6,0,-,27,38.6,48017,G4800170,48017,G4800170,BAILEY,37,40.2,12,52.2,0,-,25,36.8,48017,G4800170,239,106,2,131
BANDERA,101,62.3,80,64,1,*,20,57.1,0500000US48019,48019,G4800190,BANDERA,91,61.9,74,65.5,0,-,17,50,48019,G4800190,48019,G4800190,BANDERA,102,65.4,84,69.4,2,*,16,50,48019,G4800190,48019,G4800190,BANDERA,85,54.1,70,57.4,0,-,15,42.9,48019,G4800190,48019,G4800190,BANDERA,72,47.4,58,50.9,0,-,14,37.8,48019,G4800190,451,366,3,82
BASTROP,565,67.7,321,78.9,26,59.1,218,56.8,0500000US48021,48021,G4800210,BASTROP,564,69.2,297,74.4,35,70,232,63.4,48021,G4800210,48021,G4800210,BASTROP,564,67.1,300,73.7,31,60.8,233,61,48021,G4800210,48021,G4800210,BASTROP,701,72.2,381,79.9,34,72.3,286,64,48021,G4800210,48021,G4800210,BASTROP,711,68.7,357,76.3,39,67.2,315,61.9,48021,G4800210,3105,1656,165,1284
BAYLOR,32,80,24,82.8,1,*,7,*,0500000US48023,48023,G4800230,BAYLOR,31,96.9,22,95.7,2,*,7,*,48023,G4800230,48023,G4800230,BAYLOR,37,77.1,34,79.1,1,*,2,*,48023,G4800230,48023,G4800230,BAYLOR,23,76.7,18,75,0,-,5,*,48023,G4800230,48023,G4800230,BAYLOR,34,79.1,27,81.8,0,-,7,*,48023,G4800230,157,125,4,28
BEE,233,67.3,56,70,4,*,173,66.5,0500000US48025,48025,G4800250,BEE,242,63.5,70,73.7,1,*,171,60.2,48025,G4800250,48025,G4800250,BEE,223,63.5,56,60.9,5,*,162,64,48025,G4800250,48025,G4800250,BEE,248,64.1,76,79.2,1,*,171,59.4,48025,G4800250,48025,G4800250,BEE,256,62.3,56,64.4,5,*,195,61.9,48025,G4800250,1202,314,16,872
BELL,3604,68.6,2019,71.6,792,67.8,793,62.9,0500000US48027,48027,G4800270,BELL,3170,69.5,1730,72.1,764,69.5,676,63.6,48027,G4800270,48027,G4800270,BELL,3392,70.9,1977,74.1,688,67.7,727,66.1,48027,G4800270,48027,G4800270,BELL,3768,72.3,2116,75.8,775,70.4,877,66.6,48027,G4800270,48027,G4800270,BELL,3672,70,2041,73.8,798,67.1,833,64.6,48027,G4800270,17606,9883,3817,3906
BEXAR,15742,72.4,4259,77.3,960,65.7,10523,71.3,0500000US48029,48029,G4800290,BEXAR,15923,71,4566,75.5,1014,67.4,10343,69.6,48029,G4800290,48029,G4800290,BEXAR,15844,65,5039,73,891,60.2,9914,62,48029,G4800290,48029,G4800290,BEXAR,15035,59.8,5093,71.2,880,53.9,9062,55.4,48029,G4800290,48029,G4800290,BEXAR,15854,60.9,5502,72,956,55.7,9396,56.4,48029,G4800290,78398,24459,4701,49238
BLANCO,46,54.1,31,58.5,0,-,15,46.9,0500000US48031,48031,G4800310,BLANCO,53,60.9,40,66.7,0,-,13,48.1,48031,G4800310,48031,G4800310,BLANCO,48,56.5,41,60.3,0,-,7,*,48031,G4800310,48031,G4800310,BLANCO,37,56.1,30,66.7,0,-,7,33.3,48031,G4800310,48031,G4800310,BLANCO,59,59.6,42,66.7,1,*,16,45.7,48031,G4800310,243,184,1,58
BORDEN,1,*,1,*,0,-,0,-,0500000US48033,48033,G4800330,BORDEN,4,*,3,*,0,-,1,*,48033,G4800330,48033,G4800330,BORDEN,4,*,4,*,0,-,0,-,48033,G4800330,48033,G4800330,BORDEN,8,*,6,*,0,-,2,*,48033,G4800330,48033,G4800330,BORDEN,4,*,4,*,0,-,0,-,48033,G4800330,21,18,0,3
BOSQUE,97,49.7,78,54.5,1,*,18,37.5,0500000US48035,48035,G4800350,BOSQUE,102,59.3,76,67.3,4,*,22,42.3,48035,G4800350,48035,G4800350,BOSQUE,111,62,80,65.6,2,*,29,55.8,48035,G4800350,48035,G4800350,BOSQUE,112,59.6,84,64.1,3,*,25,49,48035,G4800350,48035,G4800350,BOSQUE,94,59.9,73,61.9,0,-,21,55.3,48035,G4800350,516,391,10,115
BOWIE,624,57.5,429,64.2,142,43.4,53,58.9,0500000US48037,48037,G4800370,BOWIE,644,57.7,439,65.2,156,45.2,49,50,48037,G4800370,48037,G4800370,BOWIE,709,58.2,474,64.1,176,48.8,59,50,48037,G4800370,48037,G4800370,BOWIE,619,54.2,430,63,145,40.1,44,44.9,48037,G4800370,48037,G4800370,BOWIE,554,47.9,403,55.7,105,33,46,39.7,48037,G4800370,3150,2175,724,251
BRAZORIA,2975,63,1766,67.5,302,61.1,907,56.2,0500000US48039,48039,G4800390,BRAZORIA,2712,64.3,1604,67.6,239,59.5,869,60.1,48039,G4800390,48039,G4800390,BRAZORIA,2839,63.8,1691,66.7,266,61.3,882,59.7,48039,G4800390,48039,G4800390,BRAZORIA,2847,63.6,1620,66.2,295,64.8,932,59.4,48039,G4800390,48039,G4800390,BRAZORIA,2763,60.6,1635,63.2,272,58.4,856,57,48039,G4800390,14136,8316,1374,4446
BRAZOS,1286,62.5,750,69.1,134,50.4,402,57,0500000US48041,48041,G4800410,BRAZOS,1436,68.9,863,75.6,135,52.7,438,63.8,48041,G4800410,48041,G4800410,BRAZOS,1411,65.7,862,70.3,114,50.7,435,62.5,48041,G4800410,48041,G4800410,BRAZOS,1437,61.9,846,68.9,131,43,460,58.3,48041,G4800410,48041,G4800410,BRAZOS,1672,66,1003,74.1,150,48.2,519,59.7,48041,G4800410,7242,4324,664,2254
BREWSTER,75,58.1,35,59.3,1,*,39,57.4,0500000US48043,48043,G4800430,BREWSTER,72,67.3,37,80.4,1,*,34,57.6,48043,G4800430,48043,G4800430,BREWSTER,75,65.8,39,67.2,0,-,36,64.3,48043,G4800430,48043,G4800430,BREWSTER,77,67,38,73.1,0,-,39,62.9,48043,G4800430,48043,G4800430,BREWSTER,74,71.8,40,71.4,0,-,34,72.3,48043,G4800430,373,189,2,182
BRISCOE,8,*,5,*,0,-,3,*,0500000US48045,48045,G4800450,BRISCOE,11,50,7,*,0,-,4,*,48045,G4800450,48045,G4800450,BRISCOE,5,*,3,*,0,-,2,*,48045,G4800450,48045,G4800450,BRISCOE,8,*,6,*,0,-,2,*,48045,G4800450,48045,G4800450,BRISCOE,3,*,0,-,0,-,3,*,48045,G4800450,35,21,0,14
BROOKS,55,47.4,6,*,0,-,49,45,0500000US48047,48047,G4800470,BROOKS,65,46.4,2,*,1,*,62,47,48047,G4800470,48047,G4800470,BROOKS,44,44,2,*,1,*,41,44.1,48047,G4800470,48047,G4800470,BROOKS,55,47.4,4,*,0,-,51,47.2,48047,G4800470,48047,G4800470,BROOKS,44,41.9,3,*,0,-,41,42.3,48047,G4800470,263,17,2,244
BROWN,304,74.1,222,77.9,7,*,75,67,0500000US48049,48049,G4800490,BROWN,324,76.4,238,78,11,*,75,72.1,48049,G4800490,48049,G4800490,BROWN,324,77.1,257,79.1,8,*,59,70.2,48049,G4800490,48049,G4800490,BROWN,314,75.1,243,78.1,10,*,61,67,48049,G4800490,48049,G4800490,BROWN,309,73,221,72.2,8,*,80,76.2,48049,G4800490,1575,1181,44,350
BURLESON,85,55.9,61,65.6,9,40.9,15,40.5,0500000US48051,48051,G4800510,BURLESON,101,64.3,72,66.1,14,*,15,51.7,48051,G4800510,48051,G4800510,BURLESON,81,49.4,52,57.1,7,33.3,22,42.3,48051,G4800510,48051,G4800510,BURLESON,93,61.2,68,68.7,8,38.1,17,53.1,48051,G4800510,48051,G4800510,BURLESON,118,62.8,79,71.8,16,69.6,23,41.8,48051,G4800510,478,332,54,92
BURNET,279,60.9,190,68.6,4,*,85,49.7,0500000US48053,48053,G4800530,BURNET,285,63.5,204,71.3,2,*,79,49.4,48053,G4800530,48053,G4800530,BURNET,275,65.2,192,71.9,2,*,81,53.3,48053,G4800530,48053,G4800530,BURNET,285,65.2,189,70.5,6,*,90,56.6,48053,G4800530,48053,G4800530,BURNET,297,69.2,208,76.5,3,*,86,56.2,48053,G4800530,1421,983,17,421
CALDWELL,279,57.4,118,67,11,*,150,51.4,0500000US48055,48055,G4800550,CALDWELL,296,62.1,123,66.1,5,*,168,60,48055,G4800550,48055,G4800550,CALDWELL,282,60.8,113,72.4,5,*,164,56.4,48055,G4800550,48055,G4800550,CALDWELL,282,61.3,112,70.4,3,*,167,56.8,48055,G4800550,48055,G4800550,CALDWELL,284,55.5,114,62.3,6,*,164,51.3,48055,G4800550,1423,580,30,813
CALHOUN,174,59.6,78,66.1,4,*,92,54.8,0500000US48057,48057,G4800570,CALHOUN,180,67.7,70,71.4,1,*,109,65.3,48057,G4800570,48057,G4800570,CALHOUN,169,68.1,71,76.3,4,*,94,63.1,48057,G4800570,48057,G4800570,CALHOUN,208,71.7,91,76.5,2,*,115,68.9,48057,G4800570,48057,G4800570,CALHOUN,212,70.9,87,76.3,1,*,124,68.1,48057,G4800570,943,397,12,534
CALLAHAN,84,69.4,79,69.3,0,-,5,*,0500000US48059,48059,G4800590,CALLAHAN,86,76.8,77,78.6,0,-,9,*,48059,G4800590,48059,G4800590,CALLAHAN,95,69.9,83,70.9,1,*,11,*,48059,G4800590,48059,G4800590,CALLAHAN,90,70.9,81,71.7,1,*,8,*,48059,G4800590,48059,G4800590,CALLAHAN,93,58.9,82,60.3,0,-,11,*,48059,G4800590,448,402,2,44
CAMERON,4983,64.3,226,67.5,7,*,4750,64.1,0500000US48061,48061,G4800610,CAMERON,5185,69,208,65.2,10,*,4967,69.2,48061,G4800610,48061,G4800610,CAMERON,5094,69.8,184,67.6,10,*,4900,69.9,48061,G4800610,48061,G4800610,CAMERON,5400,73.8,237,69.7,12,*,5151,74,48061,G4800610,48061,G4800610,CAMERON,5005,69.8,249,73.2,10,*,4746,69.7,48061,G4800610,25667,1104,49,24514
CAMP,124,62.6,66,75.9,23,54.8,35,50.7,0500000US48063,48063,G4800630,CAMP,93,62,52,77.6,16,53.3,25,47.2,48063,G4800630,48063,G4800630,CAMP,107,56.9,55,66.3,23,53.5,29,46.8,48063,G4800630,48063,G4800630,CAMP,124,59.9,67,66.3,22,64.7,35,48.6,48063,G4800630,48063,G4800630,CAMP,107,49.5,58,60.4,16,43.2,33,39.8,48063,G4800630,555,298,100,157
CARSON,44,71,40,76.9,0,-,4,*,0500000US48065,48065,G4800650,CARSON,53,82.8,49,83.1,0,-,4,*,48065,G4800650,48065,G4800650,CARSON,46,70.8,41,70.7,0,-,5,*,48065,G4800650,48065,G4800650,CARSON,42,80.8,40,83.3,1,*,1,*,48065,G4800650,48065,G4800650,CARSON,48,69.6,44,69.8,0,-,4,*,48065,G4800650,233,214,1,18
CASS,187,53.3,144,55.4,31,44.3,12,57.1,0500000US48067,48067,G4800670,CASS,162,53.6,136,59.1,21,36.8,5,*,48067,G4800670,48067,G4800670,CASS,176,52.2,138,55.6,30,40.5,8,*,48067,G4800670,48067,G4800670,CASS,188,53.4,142,56.3,32,43.8,14,51.9,48067,G4800670,48067,G4800670,CASS,188,55.1,148,61.4,33,39.3,7,*,48067,G4800670,901,708,147,46
CASTRO,63,48.5,20,62.5,3,*,40,43.5,0500000US48069,48069,G4800690,CASTRO,67,48.9,21,84,3,*,43,40.2,48069,G4800690,48069,G4800690,CASTRO,82,59.4,20,87,0,-,62,54.4,48069,G4800690,48069,G4800690,CASTRO,68,57.6,22,78.6,0,-,46,52.3,48069,G4800690,48069,G4800690,CASTRO,73,62.4,19,76,1,*,53,58.2,48069,G4800690,353,102,7,244
CHAMBERS,286,62.6,197,65.9,21,50,68,58.6,0500000US48071,48071,G4800710,CHAMBERS,278,64.2,177,64.4,15,62.5,86,64.2,48071,G4800710,48071,G4800710,CHAMBERS,256,58.6,173,59.7,16,50,67,58.3,48071,G4800710,48071,G4800710,CHAMBERS,299,68,216,71.3,11,45.8,72,63.7,48071,G4800710,48071,G4800710,CHAMBERS,259,57.4,197,61.9,14,51.9,48,45.3,48071,G4800710,1378,960,77,341
CHEROKEE,402,57.8,217,61.1,51,54.3,134,54.3,0500000US48073,48073,G4800730,CHEROKEE,360,53.7,235,63.2,35,47.3,90,40.2,48073,G4800730,48073,G4800730,CHEROKEE,347,50.2,224,57.7,39,44.3,84,39.1,48073,G4800730,48073,G4800730,CHEROKEE,355,48.9,199,55.4,51,50,105,39.6,48073,G4800730,48073,G4800730,CHEROKEE,355,51,229,59.3,42,53.8,84,36.2,48073,G4800730,1819,1104,218,497
CHILDRESS,49,59,36,64.3,2,*,11,47.8,0500000US48075,48075,G4800750,CHILDRESS,48,56.5,23,62.2,4,*,21,47.7,48075,G4800750,48075,G4800750,CHILDRESS,44,64.7,30,71.4,1,*,13,52,48075,G4800750,48075,G4800750,CHILDRESS,45,66.2,31,75.6,1,*,13,50,48075,G4800750,48075,G4800750,CHILDRESS,52,63.4,38,73.1,4,*,10,43.5,48075,G4800750,238,158,12,68
CLAY,68,70.8,64,71.1,1,*,3,*,0500000US48077,48077,G4800770,CLAY,56,76.7,54,77.1,0,-,2,*,48077,G4800770,48077,G4800770,CLAY,80,84.2,77,83.7,0,-,3,*,48077,G4800770,48077,G4800770,CLAY,71,71.7,65,75.6,0,-,6,*,48077,G4800770,48077,G4800770,CLAY,60,73.2,58,74.4,0,-,2,*,48077,G4800770,335,318,1,16
COCHRAN,33,62.3,12,*,1,*,20,55.6,0500000US48079,48079,G4800790,COCHRAN,27,49.1,10,*,0,-,17,45.9,48079,G4800790,48079,G4800790,COCHRAN,24,50,9,*,0,-,15,41.7,48079,G4800790,48079,G4800790,COCHRAN,15,37.5,4,*,0,-,11,36.7,48079,G4800790,48079,G4800790,COCHRAN,22,47.8,7,*,0,-,15,53.6,48079,G4800790,121,42,1,78
COKE,13,50,10,*,0,-,3,*,0500000US48081,48081,G4800810,COKE,14,50,7,*,0,-,7,*,48081,G4800810,48081,G4800810,COKE,21,72.4,18,78.3,0,-,3,*,48081,G4800810,48081,G4800810,COKE,18,60,14,60.9,0,-,4,*,48081,G4800810,48081,G4800810,COKE,19,63.3,15,68.2,0,-,4,*,48081,G4800810,85,64,0,21
COLEMAN,64,63.4,50,67.6,2,*,12,52.2,0500000US48083,48083,G4800830,COLEMAN,56,58.3,43,57.3,0,-,13,61.9,48083,G4800830,48083,G4800830,COLEMAN,55,57.9,40,57.1,0,-,15,62.5,48083,G4800830,48083,G4800830,COLEMAN,48,55.8,39,57.4,0,-,9,*,48083,G4800830,48083,G4800830,COLEMAN,54,65.1,46,68.7,1,*,7,*,48083,G4800830,277,218,3,56
COLLIN,7630,72.5,5957,78.4,597,61.1,1076,55.3,0500000US48085,48085,G4800850,COLLIN,7673,74.7,5902,79.7,622,66,1149,59.4,48085,G4800850,48085,G4800850,COLLIN,7606,74.3,5947,79.7,555,63.6,1104,58.3,48085,G4800850,48085,G4800850,COLLIN,7643,72.8,5962,78.4,591,61.6,1090,56.4,48085,G4800850,48085,G4800850,COLLIN,7376,68.6,5642,72.7,570,59.1,1164,57.3,48085,G4800850,37928,29410,2935,5583
COLLINGSWORTH,30,52.6,17,70.8,0,-,13,40.6,0500000US48087,48087,G4800870,COLLINGSWORTH,26,48.1,13,44.8,1,*,12,50,48087,G4800870,48087,G4800870,COLLINGSWORTH,20,48.8,12,54.5,0,-,8,*,48087,G4800870,48087,G4800870,COLLINGSWORTH,23,54.8,15,*,3,*,5,*,48087,G4800870,48087,G4800870,COLLINGSWORTH,19,67.9,11,*,1,*,7,*,48087,G4800870,118,68,5,45
COLORADO,168,63.6,91,79.1,26,59.1,51,48.6,0500000US48089,48089,G4800890,COLORADO,148,63,83,79.8,13,48.1,52,50,48089,G4800890,48089,G4800890,COLORADO,143,62.2,68,72.3,20,58.8,55,53.9,48089,G4800890,48089,G4800890,COLORADO,138,56.8,67,67,14,53.8,57,48.7,48089,G4800890,48089,G4800890,COLORADO,153,58.6,77,68.1,18,52.9,58,50.9,48089,G4800890,750,386,91,273
COMAL,599,55,419,63.6,6,*,174,41,0500000US48091,48091,G4800910,COMAL,677,59,471,66.3,9,*,197,46.4,48091,G4800910,48091,G4800910,COMAL,759,61.2,536,66.1,7,*,216,51.7,48091,G4800910,48091,G4800910,COMAL,831,62.1,567,67.8,11,*,253,52,48091,G4800910,48091,G4800910,COMAL,817,58.1,570,64.6,9,*,238,46.8,48091,G4800910,3683,2563,42,1078
COMANCHE,99,58.6,63,67,0,-,36,48,0500000US48093,48093,G4800930,COMANCHE,101,59.8,68,68,0,-,33,47.8,48093,G4800930,48093,G4800930,COMANCHE,92,59.4,61,61,0,-,31,56.4,48093,G4800930,48093,G4800930,COMANCHE,97,63.8,61,66.3,0,-,36,60,48093,G4800930,48093,G4800930,COMANCHE,83,61.5,44,67.7,1,*,38,55.9,48093,G4800930,472,297,1,174
CONCHO,11,42.3,7,*,1,*,3,*,0500000US48095,48095,G4800950,CONCHO,19,54.3,16,72.7,0,-,3,*,48095,G4800950,48095,G4800950,CONCHO,13,56.5,9,*,0,-,4,*,48095,G4800950,48095,G4800950,CONCHO,14,*,9,*,0,-,5,*,48095,G4800950,48095,G4800950,CONCHO,18,72,12,*,0,-,6,*,48095,G4800950,75,53,1,21
COOKE,271,54,213,62.3,8,*,50,34.2,0500000US48097,48097,G4800970,COOKE,275,56.9,222,62.7,11,*,42,37.2,48097,G4800970,48097,G4800970,COOKE,324,57.5,263,67.3,10,*,51,33.3,48097,G4800970,48097,G4800970,COOKE,298,57.9,239,68.1,8,*,51,34.7,48097,G4800970,48097,G4800970,COOKE,340,61.7,272,68,9,*,59,43.4,48097,G4800970,1508,1209,46,253
CORYELL,619,68,455,69.6,73,66.4,91,62.3,0500000US48099,48099,G4800990,CORYELL,629,70.3,468,71.9,69,66.3,92,65.7,48099,G4800990,48099,G4800990,CORYELL,591,71.2,424,71.1,62,77.5,105,68.2,48099,G4800990,48099,G4800990,CORYELL,712,74.5,512,75.2,79,73.1,121,72.5,48099,G4800990,48099,G4800990,CORYELL,712,71.6,522,73.4,68,64.2,122,68.9,48099,G4800990,3263,2381,351,531
COTTLE,11,*,9,*,0,-,2,*,0500000US48101,48101,G4801010,COTTLE,8,*,5,*,1,*,2,*,48101,G4801010,48101,G4801010,COTTLE,7,*,5,*,1,*,1,*,48101,G4801010,48101,G4801010,COTTLE,9,*,5,*,1,*,3,*,48101,G4801010,48101,G4801010,COTTLE,16,*,10,*,3,*,3,*,48101,G4801010,51,34,6,11
CRANE,45,72.6,13,*,1,*,31,72.1,0500000US48103,48103,G4801030,CRANE,38,63.3,11,*,0,-,27,61.4,48103,G4801030,48103,G4801030,CRANE,56,70,22,84.6,0,-,34,64.2,48103,G4801030,48103,G4801030,CRANE,65,80.2,20,87,0,-,45,77.6,48103,G4801030,48103,G4801030,CRANE,59,75.6,20,90.9,1,*,38,69.1,48103,G4801030,263,86,2,175
CROCKETT,36,56.3,15,*,0,-,21,47.7,0500000US48105,48105,G4801050,CROCKETT,30,47.6,13,59.1,0,-,17,41.5,48105,G4801050,48105,G4801050,CROCKETT,27,50,11,*,0,-,16,45.7,48105,G4801050,48105,G4801050,CROCKETT,25,50,7,*,0,-,18,47.4,48105,G4801050,48105,G4801050,CROCKETT,29,47.5,12,*,0,-,17,40.5,48105,G4801050,147,58,0,89
CROSBY,46,52.3,10,*,1,*,35,50,0500000US48107,48107,G4801070,CROSBY,43,58.1,16,59.3,0,-,27,57.4,48107,G4801070,48107,G4801070,CROSBY,46,64.8,13,*,0,-,33,63.5,48107,G4801070,48107,G4801070,CROSBY,34,53.1,11,52.4,0,-,23,53.5,48107,G4801070,48107,G4801070,CROSBY,52,58.4,15,57.7,2,*,35,57.4,48107,G4801070,221,65,3,153
CULBERSON,11,40.7,3,*,0,-,8,36.4,0500000US48109,48109,G4801090,CULBERSON,19,76,4,*,0,-,15,*,48109,G4801090,48109,G4801090,CULBERSON,17,56.7,3,*,0,-,14,53.8,48109,G4801090,48109,G4801090,CULBERSON,22,71,2,*,0,-,20,76.9,48109,G4801090,48109,G4801090,CULBERSON,14,51.9,3,*,0,-,11,50,48109,G4801090,83,15,0,68
DALLAM,76,55.9,47,59.5,1,*,28,50,0500000US48111,48111,G4801110,DALLAM,85,63.4,46,69.7,0,-,39,60,48111,G4801110,48111,G4801110,DALLAM,89,61.8,56,71.8,0,-,33,50.8,48111,G4801110,48111,G4801110,DALLAM,90,64.7,55,77.5,0,-,35,51.5,48111,G4801110,48111,G4801110,DALLAM,79,62.7,44,72.1,1,*,34,54,48111,G4801110,419,248,2,169
DALLAS,21694,56.1,7241,66.5,3745,46.2,10708,54.3,0500000US48113,48113,G4801130,DALLAS,21856,58.1,7589,67.8,3891,50.1,10376,55.5,48113,G4801130,48113,G4801130,DALLAS,21034,55.7,7401,65.2,3567,45.6,10066,54.1,48113,G4801130,48113,G4801130,DALLAS,21301,56.3,7656,66.4,3687,47,9958,54,48113,G4801130,48113,G4801130,DALLAS,22373,57.5,8114,66.9,3893,48.7,10366,55.1,48113,G4801130,108258,38001,18783,51474
DAWSON,94,50.8,35,56.5,5,*,54,47.4,0500000US48115,48115,G4801150,DAWSON,97,54.5,37,66.1,1,*,59,49.6,48115,G4801150,48115,G4801150,DAWSON,117,62.2,49,69,3,*,65,57.5,48115,G4801150,48115,G4801150,DAWSON,117,62.6,42,76.4,3,*,72,58.5,48115,G4801150,48115,G4801150,DAWSON,110,67.1,43,82.7,4,*,63,59.4,48115,G4801150,535,206,16,313
DEAF SMITH,175,52.7,36,66.7,0,-,139,50.2,0500000US48117,48117,G4801170,DEAF SMITH,216,62.1,46,78,1,*,169,58.7,48117,G4801170,48117,G4801170,DEAF SMITH,223,63.4,50,83.3,0,-,173,59.9,48117,G4801170,48117,G4801170,DEAF SMITH,197,59,32,71.1,1,*,164,56.9,48117,G4801170,48117,G4801170,DEAF SMITH,159,49.4,37,66.1,0,-,122,46,48117,G4801170,970,201,2,767
DELTA,44,74.6,40,76.9,3,*,1,*,0500000US48119,48119,G4801190,DELTA,40,69,34,69.4,4,*,2,*,48119,G4801190,48119,G4801190,DELTA,42,68.9,37,71.2,4,*,1,*,48119,G4801190,48119,G4801190,DELTA,45,78.9,37,86,6,*,2,*,48119,G4801190,48119,G4801190,DELTA,42,59.2,36,66.7,5,*,1,*,48119,G4801190,213,184,22,7
DENTON,5986,67,4398,74.4,389,56.1,1199,51.3,0500000US48121,48121,G4801210,DENTON,6312,69.1,4644,76.3,442,58.7,1226,53.4,48121,G4801210,48121,G4801210,DENTON,6440,69.7,4689,76.8,496,61.1,1255,54.2,48121,G4801210,48121,G4801210,DENTON,6329,66.8,4603,73.8,463,56.4,1263,52.3,48121,G4801210,48121,G4801210,DENTON,6520,66.7,4741,73.1,494,60.9,1285,52,48121,G4801210,31587,23075,2284,6228
DEWITT,152,66.7,82,70.1,11,*,59,62.8,0500000US48123,48123,G4801230,DEWITT,138,62.4,67,69.8,4,*,67,58.3,48123,G4801230,48123,G4801230,DEWITT,160,65.8,82,73.9,13,*,65,58,48123,G4801230,48123,G4801230,DEWITT,164,66.9,102,73.4,8,*,54,58.7,48123,G4801230,48123,G4801230,DEWITT,200,69.4,113,74.8,6,*,81,67.5,48123,G4801230,814,446,42,326
DICKENS,13,61.9,12,*,0,-,1,*,0500000US48125,48125,G4801250,DICKENS,9,39.1,7,*,1,*,1,*,48125,G4801250,48125,G4801250,DICKENS,5,*,4,*,0,-,1,*,48125,G4801250,48125,G4801250,DICKENS,14,56,12,*,0,-,2,*,48125,G4801250,48125,G4801250,DICKENS,5,*,4,*,0,-,1,*,48125,G4801250,46,39,1,6
DIMMIT,86,67.2,4,*,1,*,81,66.9,0500000US48127,48127,G4801270,DIMMIT,100,60.2,9,*,0,-,91,60.7,48127,G4801270,48127,G4801270,DIMMIT,140,72.9,13,*,1,*,126,72.8,48127,G4801270,48127,G4801270,DIMMIT,126,66,8,*,0,-,118,68.2,48127,G4801270,48127,G4801270,DIMMIT,131,69.3,7,*,0,-,124,70.5,48127,G4801270,583,41,2,540
DONLEY,16,45.7,12,44.4,0,-,4,*,0500000US48129,48129,G4801290,DONLEY,15,57.7,13,*,0,-,2,*,48129,G4801290,48129,G4801290,DONLEY,21,53.8,18,56.3,1,*,2,*,48129,G4801290,48129,G4801290,DONLEY,20,58.8,17,63,1,*,2,*,48129,G4801290,48129,G4801290,DONLEY,18,64.3,12,*,2,*,4,*,48129,G4801290,90,72,4,14
DUVAL,75,45.5,5,*,0,-,70,45.2,0500000US48131,48131,G4801310,DUVAL,75,42.4,9,*,0,-,66,42,48131,G4801310,48131,G4801310,DUVAL,69,46,5,*,0,-,64,45.7,48131,G4801310,48131,G4801310,DUVAL,64,50.4,5,*,0,-,59,49.2,48131,G4801310,48131,G4801310,DUVAL,68,45.6,2,*,0,-,66,47.5,48131,G4801310,351,26,0,325
EASTLAND,139,62.9,112,61.5,2,*,25,69.4,0500000US48133,48133,G4801330,EASTLAND,133,63.9,106,65.4,2,*,25,56.8,48133,G4801330,48133,G4801330,EASTLAND,92,58.2,78,57.8,1,*,13,59.1,48133,G4801330,48133,G4801330,EASTLAND,125,60.1,107,59.4,1,*,17,63,48133,G4801330,48133,G4801330,EASTLAND,127,58.8,113,60.8,1,*,13,46.4,48133,G4801330,616,516,7,93
ECTOR,1759,72.4,612,78.9,77,78.6,1070,68.8,0500000US48135,48135,G4801350,ECTOR,1617,66.2,533,68.3,57,65.5,1027,65.2,48135,G4801350,48135,G4801350,ECTOR,1828,66.6,631,70.3,60,63.8,1137,64.9,48135,G4801350,48135,G4801350,ECTOR,2306,80,758,83.4,57,70.4,1491,78.8,48135,G4801350,48135,G4801350,ECTOR,2241,71.3,755,76.1,60,63.2,1426,69.3,48135,G4801350,9751,3289,311,6151
EDWARDS,14,53.8,7,*,0,-,7,*,0500000US48137,48137,G4801370,EDWARDS,17,56.7,9,*,0,-,8,*,48137,G4801370,48137,G4801370,EDWARDS,10,*,4,*,1,*,5,*,48137,G4801370,48137,G4801370,EDWARDS,5,23.8,1,*,0,-,4,*,48137,G4801370,48137,G4801370,EDWARDS,11,39.3,3,*,1,*,7,31.8,48137,G4801370,57,24,2,31
EL PASO,7625,58.2,1015,62.1,186,58.7,6424,57.6,0500000US48141,48141,G4801410,EL PASO,7699,58.1,1098,58.6,214,55.3,6387,58.1,48141,G4801410,48141,G4801410,EL PASO,8320,62.5,1349,66.7,228,62.1,6743,61.8,48141,G4801410,48141,G4801410,EL PASO,8255,64.7,1247,68.2,230,68.2,6778,63.9,48141,G4801410,48141,G4801410,EL PASO,8428,65.7,1406,71.5,284,71.7,6738,64.3,48141,G4801410,40327,6115,1142,33070
ELLIS,1119,55.7,749,63.7,85,45.2,285,44.2,0500000US48139,48139,G4801390,ELLIS,1144,59.6,762,66.3,78,51,304,49.4,48139,G4801390,48139,G4801390,ELLIS,1098,60.6,750,70.5,75,47.2,273,46.3,48139,G4801390,48139,G4801390,ELLIS,1187,58.7,822,67.8,82,48,283,44.4,48139,G4801390,48139,G4801390,ELLIS,1218,58.9,802,66.8,109,55.6,307,45.8,48139,G4801390,5766,3885,429,1452
ERATH,275,61.2,200,65.6,2,*,73,51.8,0500000US48143,48143,G4801430,ERATH,287,58.2,211,63.9,1,*,75,46.3,48143,G4801430,48143,G4801430,ERATH,296,60.5,219,66.4,3,*,74,47.7,48143,G4801430,48143,G4801430,ERATH,286,59,225,63.6,2,*,59,46.1,48143,G4801430,48143,G4801430,ERATH,322,61.5,248,68.1,2,*,72,45.9,48143,G4801430,1466,1103,10,353
FALLS,87,56.1,43,75.4,25,43.1,19,47.5,0500000US48145,48145,G4801450,FALLS,68,41.5,31,45.6,16,32,21,45.7,48145,G4801450,48145,G4801450,FALLS,82,52.2,40,59.7,20,42.6,22,51.2,48145,G4801450,48145,G4801450,FALLS,83,51.2,45,66.2,14,29.8,24,51.1,48145,G4801450,48145,G4801450,FALLS,93,53.1,38,60.3,25,48.1,30,50,48145,G4801450,413,197,100,116
FANNIN,176,51.9,155,54.6,3,*,18,36.7,0500000US48147,48147,G4801470,FANNIN,182,53.8,156,58,11,45.8,15,33.3,48147,G4801470,48147,G4801470,FANNIN,192,60.4,165,67.9,6,*,21,33.9,48147,G4801470,48147,G4801470,FANNIN,204,63.6,171,67.9,10,*,23,46,48147,G4801470,48147,G4801470,FANNIN,186,57.9,166,63.4,5,*,15,31.9,48147,G4801470,940,813,35,92
FAYETTE,169,72.5,95,79.8,14,*,60,63.8,0500000US48149,48149,G4801490,FAYETTE,180,72.9,117,77,12,*,51,63.8,48149,G4801490,48149,G4801490,FAYETTE,145,71.8,98,83.8,9,*,38,54.3,48149,G4801490,48149,G4801490,FAYETTE,150,62.5,100,70.9,10,*,40,48.2,48149,G4801490,48149,G4801490,FAYETTE,171,71,108,80,8,*,55,60.4,48149,G4801490,815,518,53,244
FISHER,33,71.7,18,69.2,2,*,13,*,0500000US48151,48151,G4801510,FISHER,23,63.9,11,*,1,*,11,*,48151,G4801510,48151,G4801510,FISHER,20,64.5,14,66.7,0,-,6,*,48151,G4801510,48151,G4801510,FISHER,17,58.6,11,*,1,*,5,*,48151,G4801510,48151,G4801510,FISHER,41,80.4,29,76.3,0,-,12,*,48151,G4801510,134,83,4,47
FLOYD,50,52.1,14,63.6,3,*,33,46.5,0500000US48153,48153,G4801530,FLOYD,48,59.3,17,70.8,1,*,30,53.6,48153,G4801530,48153,G4801530,FLOYD,51,56.7,20,76.9,0,-,31,49.2,48153,G4801530,48153,G4801530,FLOYD,39,49.4,10,*,1,*,28,45.9,48153,G4801530,48153,G4801530,FLOYD,43,66.2,10,*,0,-,33,62.3,48153,G4801530,231,71,5,155
FOARD,6,*,6,*,0,-,0,-,0500000US48155,48155,G4801550,FOARD,11,*,8,*,0,-,3,*,48155,G4801550,48155,G4801550,FOARD,14,*,9,*,1,*,4,*,48155,G4801550,48155,G4801550,FOARD,6,*,5,*,0,-,1,*,48155,G4801550,48155,G4801550,FOARD,5,*,4,*,0,-,1,*,48155,G4801550,42,32,1,9
FORT BEND,4899,64.6,2799,73.6,817,54.5,1283,56.1,0500000US48157,48157,G4801570,FORT BEND,5004,67,2867,73.7,858,59.1,1279,60.1,48157,G4801570,48157,G4801570,FORT BEND,5099,64.7,3056,72,794,54.1,1249,57.7,48157,G4801570,48157,G4801570,FORT BEND,5357,65.7,3148,71.4,874,57.4,1335,60.1,48157,G4801570,48157,G4801570,FORT BEND,5777,65,3457,72.2,935,52.9,1385,59.3,48157,G4801570,26136,15327,4278,6531
FRANKLIN,75,69.4,58,69.9,4,*,13,*,0500000US48159,48159,G4801590,FRANKLIN,80,70.8,66,72.5,2,*,12,*,48159,G4801590,48159,G4801590,FRANKLIN,67,70.5,51,76.1,3,*,13,52,48159,G4801590,48159,G4801590,FRANKLIN,62,53.4,53,60.2,5,*,4,19,48159,G4801590,48159,G4801590,FRANKLIN,52,56.5,46,63.9,1,*,5,*,48159,G4801590,336,274,15,47
FREESTONE,113,54.3,79,59.8,9,32.1,25,52.1,0500000US48161,48161,G4801610,FREESTONE,141,60,87,61.7,23,65.7,31,52.5,48161,G4801610,48161,G4801610,FREESTONE,137,60.1,94,71.2,18,58.1,25,38.5,48161,G4801610,48161,G4801610,FREESTONE,116,56,76,63.9,16,51.6,24,42.1,48161,G4801610,48161,G4801610,FREESTONE,97,51.1,71,62.3,13,40.6,13,29.5,48161,G4801610,604,407,79,118
FRIO,133,57.6,20,64.5,0,-,113,56.5,0500000US48163,48163,G4801630,FRIO,117,54.9,19,59.4,0,-,98,54.1,48163,G4801630,48163,G4801630,FRIO,118,47.6,27,50,0,-,91,46.9,48163,G4801630,48163,G4801630,FRIO,128,51.6,32,62.7,1,*,95,48.7,48163,G4801630,48163,G4801630,FRIO,106,41.1,20,46.5,1,*,85,40.1,48163,G4801630,602,118,2,482
GAINES,170,50.1,103,55.1,2,*,65,44.2,0500000US48165,48165,G4801650,GAINES,170,47.8,108,49.5,1,*,61,44.9,48165,G4801650,48165,G4801650,GAINES,151,44.9,90,48.4,2,*,59,41,48165,G4801650,48165,G4801650,GAINES,173,45.3,95,42.6,4,*,74,48.4,48165,G4801650,48165,G4801650,GAINES,186,47.4,117,50.9,1,*,68,42.2,48165,G4801650,850,513,10,327
GALVESTON,2520,64.7,1471,66.3,302,57.3,747,65,0500000US48167,48167,G4801670,GALVESTON,2516,65.1,1522,67.3,273,55.2,721,65.1,48167,G4801670,48167,G4801670,GALVESTON,2431,63.1,1480,65.3,270,55.1,681,62.2,48167,G4801670,48167,G4801670,GALVESTON,2426,62.1,1432,63.2,317,57.7,677,61.9,48167,G4801670,48167,G4801670,GALVESTON,2440,59.9,1505,61.2,292,54.5,643,59.8,48167,G4801670,12333,7410,1454,3469
GARZA,41,51.9,23,65.7,1,*,17,43.6,0500000US48169,48169,G4801690,GARZA,40,58.8,18,66.7,2,*,20,52.6,48169,G4801690,48169,G4801690,GARZA,25,50,14,60.9,3,*,8,36.4,48169,G4801690,48169,G4801690,GARZA,35,53.8,20,69,4,*,11,36.7,48169,G4801690,48169,G4801690,GARZA,31,49.2,16,51.6,2,*,13,48.1,48169,G4801690,172,91,12,69
GILLESPIE,166,63.8,114,69.5,0,-,52,54.2,0500000US48171,48171,G4801710,GILLESPIE,144,62.3,92,71.9,0,-,52,50.5,48171,G4801710,48171,G4801710,GILLESPIE,147,60,94,64.4,0,-,53,53.5,48171,G4801710,48171,G4801710,GILLESPIE,132,54.8,90,61.6,0,-,42,44.7,48171,G4801710,48171,G4801710,GILLESPIE,143,56.7,101,68.7,1,*,41,39.8,48171,G4801710,732,491,1,240
GLASSCOCK,8,*,4,*,0,-,4,*,0500000US48173,48173,G4801730,GLASSCOCK,7,*,7,*,0,-,0,-,48173,G4801730,48173,G4801730,GLASSCOCK,9,*,7,*,0,-,2,*,48173,G4801730,48173,G4801730,GLASSCOCK,10,*,8,*,0,-,2,*,48173,G4801730,48173,G4801730,GLASSCOCK,11,*,8,*,0,-,3,*,48173,G4801730,45,34,0,11
GOLIAD,54,75,33,80.5,1,*,20,74.1,0500000US48175,48175,G4801750,GOLIAD,37,64.9,21,67.7,1,*,15,65.2,48175,G4801750,48175,G4801750,GOLIAD,45,72.6,22,68.8,1,*,22,75.9,48175,G4801750,48175,G4801750,GOLIAD,41,82,22,88,1,*,18,81.8,48175,G4801750,48175,G4801750,GOLIAD,51,67.1,35,83.3,2,*,14,45.2,48175,G4801750,228,133,6,89
GONZALES,132,45.4,52,57.1,8,*,72,38.7,0500000US48177,48177,G4801770,GONZALES,119,43.3,41,53.9,4,*,74,40,48177,G4801770,48177,G4801770,GONZALES,133,49.6,59,64.1,7,*,67,41.1,48177,G4801770,48177,G4801770,GONZALES,141,50.5,67,76.1,4,*,70,38.3,48177,G4801770,48177,G4801770,GONZALES,141,44.3,63,58.3,10,*,68,34.9,48177,G4801770,666,282,33,351
GRAY,172,55,108,59.7,2,*,62,52.1,0500000US48179,48179,G4801790,GRAY,210,65,134,66.3,8,*,68,60.7,48179,G4801790,48179,G4801790,GRAY,214,62.6,123,62.8,5,*,86,61.9,48179,G4801790,48179,G4801790,GRAY,232,68.4,142,71.4,3,*,87,64.9,48179,G4801790,48179,G4801790,GRAY,198,58.6,125,64.1,2,*,71,51.8,48179,G4801790,1026,632,20,374
GRAYSON,878,57.9,708,63.5,45,46.4,125,41.1,0500000US48181,48181,G4801810,GRAYSON,808,54.9,637,60.5,52,51,119,37.4,48181,G4801810,48181,G4801810,GRAYSON,853,57.4,685,63.9,53,55.2,115,36.1,48181,G4801810,48181,G4801810,GRAYSON,876,59,704,64.8,44,53,128,40.5,48181,G4801810,48181,G4801810,GRAYSON,920,59.7,716,63.9,51,58.6,153,45.9,48181,G4801810,4335,3450,245,640
GREGG,940,49.9,547,56.3,144,40.4,249,44.8,0500000US48183,48183,G4801830,GREGG,1033,54.8,601,61.9,207,52,225,43.6,48183,G4801830,48183,G4801830,GREGG,938,49,544,56.8,173,41.3,221,41.2,48183,G4801830,48183,G4801830,GREGG,862,46.5,511,55.1,158,40.9,193,35.9,48183,G4801830,48183,G4801830,GREGG,1086,55.9,616,62.5,208,49.3,262,48.9,48183,G4801830,4859,2819,890,1150
GRIMES,132,56.4,96,64,10,35.7,26,46.4,0500000US48185,48185,G4801850,GRIMES,135,65.2,85,69.1,12,*,38,58.5,48185,G4801850,48185,G4801850,GRIMES,147,60.5,92,63.4,13,52,42,57.5,48185,G4801850,48185,G4801850,GRIMES,164,56.6,88,58.7,33,67.3,43,47.3,48185,G4801850,48185,G4801850,GRIMES,181,58.8,109,68.1,15,35.7,57,53.8,48185,G4801850,759,470,83,206
GUADALUPE,888,60.3,490,68.4,50,66.7,348,51,0500000US48187,48187,G4801870,GUADALUPE,884,61,515,69.3,33,53.2,336,52.1,48187,G4801870,48187,G4801870,GUADALUPE,1048,63.6,640,70.6,28,48.3,380,55.6,48187,G4801870,48187,G4801870,GUADALUPE,1081,64.3,619,70.9,52,66.7,410,56.2,48187,G4801870,48187,G4801870,GUADALUPE,1078,63.1,603,69.7,55,71.4,420,54.8,48187,G4801870,4979,2867,218,1894
HALE,342,55.7,119,71.7,12,46.2,211,50,0500000US48189,48189,G4801890,HALE,344,61.4,87,66.4,16,69.6,241,59.4,48189,G4801890,48189,G4801890,HALE,306,57,83,64.8,8,*,215,54.7,48189,G4801890,48189,G4801890,HALE,331,64.3,112,73.2,13,*,206,60.1,48189,G4801890,48189,G4801890,HALE,290,62.8,94,71.2,9,*,187,59.4,48189,G4801890,1613,495,58,1060
HALL,20,62.5,8,*,1,*,11,*,0500000US48191,48191,G4801910,HALL,21,52.5,12,*,4,*,5,*,48191,G4801910,48191,G4801910,HALL,18,54.5,10,*,0,-,8,*,48191,G4801910,48191,G4801910,HALL,20,64.5,5,*,2,*,13,*,48191,G4801910,48191,G4801910,HALL,18,54.5,7,*,2,*,9,*,48191,G4801910,97,42,9,46
HAMILTON,44,53,37,55.2,0,-,7,*,0500000US48193,48193,G4801930,HAMILTON,60,63.2,52,68.4,0,-,8,*,48193,G4801930,48193,G4801930,HAMILTON,58,63,51,68,0,-,7,*,48193,G4801930,48193,G4801930,HAMILTON,54,67.5,45,75,0,-,9,*,48193,G4801930,48193,G4801930,HAMILTON,54,67.5,47,72.3,0,-,7,*,48193,G4801930,270,232,0,38
HANSFORD,46,54.1,24,68.6,0,-,22,44,0500000US48195,48195,G4801950,HANSFORD,42,54.5,24,70.6,0,-,18,41.9,48195,G4801950,48195,G4801950,HANSFORD,41,54.7,19,86.4,0,-,22,41.5,48195,G4801950,48195,G4801950,HANSFORD,40,49.4,22,61.1,0,-,18,40,48195,G4801950,48195,G4801950,HANSFORD,56,64.4,32,88.9,0,-,24,48,48195,G4801950,225,121,0,104
HARDEMAN,20,43.5,10,45.5,3,*,7,*,0500000US48197,48197,G4801970,HARDEMAN,19,48.7,13,52,0,-,6,*,48197,G4801970,48197,G4801970,HARDEMAN,24,60,15,68.2,0,-,9,*,48197,G4801970,48197,G4801970,HARDEMAN,16,43.2,12,46.2,0,-,4,*,48197,G4801970,48197,G4801970,HARDEMAN,30,68.2,21,77.8,1,*,8,*,48197,G4801970,109,71,4,34
HARDIN,530,76,474,77.8,31,59.6,25,69.4,0500000US48199,48199,G4801990,HARDIN,473,74.1,410,74.3,36,72,27,75,48199,G4801990,48199,G4801990,HARDIN,485,70.8,443,72.1,30,62.5,12,52.2,48199,G4801990,48199,G4801990,HARDIN,491,70.9,447,73,19,46.3,25,62.5,48199,G4801990,48199,G4801990,HARDIN,443,66.9,407,67.8,16,51.6,20,64.5,48199,G4801990,2422,2181,132,109
HARRIS,35703,55.6,13458,68.6,5831,50.4,16414,49.8,0500000US48201,48201,G4802010,HARRIS,36202,58.2,13503,68.9,5897,52.6,16802,53.5,48201,G4802010,48201,G4802010,HARRIS,37055,58.5,14068,67.9,5955,52.6,17032,54.5,48201,G4802010,48201,G4802010,HARRIS,38294,59.2,14384,68.8,6177,53.2,17733,55.2,48201,G4802010,48201,G4802010,HARRIS,38750,57.9,14923,66.6,6219,52.4,17608,53.9,48201,G4802010,186004,70336,30079,85589
HARRISON,446,54.5,290,62.2,81,48.2,75,40.5,0500000US48203,48203,G4802030,HARRISON,526,61,352,65.7,83,51.6,91,55.2,48203,G4802030,48203,G4802030,HARRISON,448,55.1,299,61.6,94,55.3,55,34.8,48203,G4802030,48203,G4802030,HARRISON,424,52.2,274,60.6,87,49.2,63,34.2,48203,G4802030,48203,G4802030,HARRISON,460,56,290,62.1,79,50,91,46.2,48203,G4802030,2304,1505,424,375
HARTLEY,37,68.5,32,78,0,-,5,*,0500000US48205,48205,G4802050,HARTLEY,42,79.2,32,86.5,0,-,10,*,48205,G4802050,48205,G4802050,HARTLEY,51,81,41,85.4,0,-,10,*,48205,G4802050,48205,G4802050,HARTLEY,52,76.5,35,79.5,0,-,17,70.8,48205,G4802050,48205,G4802050,HARTLEY,50,83.3,36,85.7,0,-,14,*,48205,G4802050,232,176,0,56
HASKELL,23,50,12,46.2,0,-,11,*,0500000US48207,48207,G4802070,HASKELL,33,61.1,21,60,1,*,11,*,48207,G4802070,48207,G4802070,HASKELL,27,60,13,61.9,1,*,13,61.9,48207,G4802070,48207,G4802070,HASKELL,30,69.8,25,86.2,1,*,4,*,48207,G4802070,48207,G4802070,HASKELL,23,46,15,51.7,0,-,8,*,48207,G4802070,136,86,3,47
HAYS,1451,69.7,772,76.1,38,69.1,641,63.2,0500000US48209,48209,G4802090,HAYS,1428,69.8,798,78,33,57.9,597,61.8,48209,G4802090,48209,G4802090,HAYS,1479,72.3,826,78.8,37,75.5,616,64.9,48209,G4802090,48209,G4802090,HAYS,1473,69.5,799,77.1,41,74.5,633,61.5,48209,G4802090,48209,G4802090,HAYS,1600,67.9,922,77,32,59.3,646,58.5,48209,G4802090,7431,4117,181,3133
HEMPHILL,35,51.5,22,57.9,0,-,13,43.3,0500000US48211,48211,G4802110,HEMPHILL,40,58.8,32,80,0,-,8,28.6,48211,G4802110,48211,G4802110,HEMPHILL,47,70.1,34,79.1,0,-,13,54.2,48211,G4802110,48211,G4802110,HEMPHILL,35,55.6,19,61.3,0,-,16,50,48211,G4802110,48211,G4802110,HEMPHILL,47,75.8,32,84.2,0,-,15,62.5,48211,G4802110,204,139,0,65
HENDERSON,443,51.1,348,53.9,24,43.6,71,42.8,0500000US48213,48213,G4802130,HENDERSON,492,56.2,376,59,26,46.4,90,49.5,48213,G4802130,48213,G4802130,HENDERSON,455,54,347,56.4,25,48.1,83,47.4,48213,G4802130,48213,G4802130,HENDERSON,498,57.8,386,59.1,24,50,88,54.7,48213,G4802130,48213,G4802130,HENDERSON,494,56.7,392,60.8,28,50,74,43.3,48213,G4802130,2382,1849,127,406
HIDALGO,5814,58.6,204,75.8,11,*,5599,58.1,0500000US48215,48215,G4802150,HIDALGO,7478,66.4,286,81,17,81,7175,65.9,48215,G4802150,48215,G4802150,HIDALGO,7071,65.3,263,81.7,18,81.8,6790,64.8,48215,G4802150,48215,G4802150,HIDALGO,6755,64.2,254,78.2,11,*,6490,63.7,48215,G4802150,48215,G4802150,HIDALGO,6369,59.2,240,70.6,11,*,6118,58.8,48215,G4802150,33487,1247,68,32172
HILL,269,62,181,66.5,21,60,67,52.8,0500000US48217,48217,G4802170,HILL,239,55.6,162,62.8,8,28.6,69,47.9,48217,G4802170,48217,G4802170,HILL,239,59.3,164,66.1,13,50,62,48.1,48217,G4802170,48217,G4802170,HILL,237,62.7,157,66.8,16,61.5,64,54.7,48217,G4802170,48217,G4802170,HILL,265,64.8,175,69.7,15,46.9,75,59.5,48217,G4802170,1249,839,73,337
HOCKLEY,207,60.5,80,66.7,2,*,125,58.1,0500000US48219,48219,G4802190,HOCKLEY,186,59.6,74,64.3,4,*,108,57.8,48219,G4802190,48219,G4802190,HOCKLEY,195,53.6,79,66.4,2,*,114,48.9,48219,G4802190,48219,G4802190,HOCKLEY,175,55.9,75,63.6,2,*,98,52.1,48219,G4802190,48219,G4802190,HOCKLEY,179,58.3,84,66.1,9,*,86,50.9,48219,G4802190,942,392,19,531
HOOD,364,66.2,305,69.6,1,*,58,52.3,0500000US48221,48221,G4802210,HOOD,360,66.8,317,70.4,2,*,41,48.2,48221,G4802210,48221,G4802210,HOOD,367,65.5,318,68.5,5,*,44,48.4,48221,G4802210,48221,G4802210,HOOD,404,67.9,353,72.8,0,-,51,46.4,48221,G4802210,48221,G4802210,HOOD,360,62.7,318,67.5,2,*,40,39.6,48221,G4802210,1855,1611,10,234
HOPKINS,351,69.9,248,74.3,22,59.5,81,61.8,0500000US48223,48223,G4802230,HOPKINS,350,72.6,253,78.6,20,54.1,77,62.6,48223,G4802230,48223,G4802230,HOPKINS,347,76.6,255,78.2,21,72.4,71,72.4,48223,G4802230,48223,G4802230,HOPKINS,321,75.2,233,77.9,20,69,68,68.7,48223,G4802230,48223,G4802230,HOPKINS,313,66.7,236,70,13,54.2,64,59.3,48223,G4802230,1682,1225,96,361
HOUSTON,140,56.9,85,68,35,47.9,20,41.7,0500000US48225,48225,G4802250,HOUSTON,130,61.9,79,67.5,33,58.9,18,48.6,48225,G4802250,48225,G4802250,HOUSTON,172,68,112,77.8,40,61.5,20,45.5,48225,G4802250,48225,G4802250,HOUSTON,142,62.3,78,67.2,46,59.7,18,51.4,48225,G4802250,48225,G4802250,HOUSTON,94,51.1,64,55.7,22,52.4,8,29.6,48225,G4802250,678,418,176,84
HOWARD,280,61.9,150,66.4,7,*,123,57.5,0500000US48227,48227,G4802270,HOWARD,226,58.4,120,67,2,*,104,52,48227,G4802270,48227,G4802270,HOWARD,297,64.8,158,69.6,6,*,133,60.7,48227,G4802270,48227,G4802270,HOWARD,267,60.7,156,71.2,3,*,108,50.9,48227,G4802270,48227,G4802270,HOWARD,273,54,169,63.1,3,*,101,44.3,48227,G4802270,1343,753,21,569
HUDSPETH,21,43.8,2,*,0,-,19,46.3,0500000US48229,48229,G4802290,HUDSPETH,32,61.5,2,*,0,-,30,61.2,48229,G4802290,48229,G4802290,HUDSPETH,17,42.5,3,*,0,-,14,37.8,48229,G4802290,48229,G4802290,HUDSPETH,18,47.4,0,-,0,-,18,50,48229,G4802290,48229,G4802290,HUDSPETH,18,52.9,0,-,0,-,18,54.5,48229,G4802290,106,7,0,99
HUNT,546,50.3,420,55.4,54,45,72,34.6,0500000US48231,48231,G4802310,HUNT,595,56.9,445,61.4,55,52.4,95,44,48231,G4802310,48231,G4802310,HUNT,588,56.4,460,63.1,55,55.6,73,34.1,48231,G4802310,48231,G4802310,HUNT,578,54.3,443,61.3,49,46.2,86,36.4,48231,G4802310,48231,G4802310,HUNT,628,55.7,470,61.2,54,50.9,104,41.1,48231,G4802310,2935,2238,267,430
HUTCHINSON,166,63.4,125,67.6,1,*,40,54.8,0500000US48233,48233,G4802330,HUTCHINSON,213,67.2,160,74.1,0,-,53,55.2,48233,G4802330,48233,G4802330,HUTCHINSON,205,66.1,152,69.7,2,*,51,58,48233,G4802330,48233,G4802330,HUTCHINSON,197,65.2,146,68.9,1,*,50,57.5,48233,G4802330,48233,G4802330,HUTCHINSON,193,62.9,153,68,6,*,34,48.6,48233,G4802330,974,736,10,228
IRION,7,*,5,*,0,-,2,*,0500000US48235,48235,G4802350,IRION,11,*,8,*,0,-,3,*,48235,G4802350,48235,G4802350,IRION,13,*,8,*,0,-,5,*,48235,G4802350,48235,G4802350,IRION,10,*,7,*,0,-,3,*,48235,G4802350,48235,G4802350,IRION,5,*,5,*,0,-,0,-,48235,G4802350,46,33,0,13
JACK,73,68.9,59,72,0,-,14,58.3,0500000US48237,48237,G4802370,JACK,72,68.6,55,68.8,0,-,17,68,48237,G4802370,48237,G4802370,JACK,66,74.2,57,81.4,0,-,9,*,48237,G4802370,48237,G4802370,JACK,68,70.1,55,69.6,0,-,13,*,48237,G4802370,48237,G4802370,JACK,57,58.2,48,64.9,1,*,8,34.8,48237,G4802370,336,274,1,61
JACKSON,144,75,84,81.6,9,*,51,69.9,0500000US48239,48239,G4802390,JACKSON,140,78.2,78,84.8,8,*,54,73,48239,G4802390,48239,G4802390,JACKSON,135,72.2,75,76.5,9,*,51,68.9,48239,G4802390,48239,G4802390,JACKSON,139,78.5,80,85.1,7,*,52,72.2,48239,G4802390,48239,G4802390,JACKSON,141,70.1,86,80.4,9,*,46,60.5,48239,G4802390,699,403,42,254
JASPER,302,64.7,233,68.9,47,53.4,22,53.7,0500000US48241,48241,G4802410,JASPER,298,65.1,238,69,48,60,12,36.4,48241,G4802410,48241,G4802410,JASPER,270,64.6,209,70.1,41,48.2,20,57.1,48241,G4802410,48241,G4802410,JASPER,288,65.2,229,69.6,39,56.5,20,45.5,48241,G4802410,48241,G4802410,JASPER,232,61.1,170,63,40,52.6,22,64.7,48241,G4802410,1390,1079,215,96
JEFF DAVIS,11,*,3,*,0,-,8,*,0500000US48243,48243,G4802430,JEFF DAVIS,11,50,8,*,0,-,3,*,48243,G4802430,48243,G4802430,JEFF DAVIS,8,*,5,*,0,-,3,*,48243,G4802430,48243,G4802430,JEFF DAVIS,6,*,4,*,0,-,2,*,48243,G4802430,48243,G4802430,JEFF DAVIS,9,*,5,*,0,-,4,*,48243,G4802430,45,25,0,20
JEFFERSON,2064,68.7,895,75.8,744,66.4,425,60.3,0500000US48245,48245,G4802450,JEFFERSON,2052,69.9,875,76.9,702,67.3,475,63,48245,G4802450,48245,G4802450,JEFFERSON,1902,64.8,826,70.7,668,65.6,408,54.6,48245,G4802450,48245,G4802450,JEFFERSON,1969,65.5,827,74.4,699,64.1,443,55.3,48245,G4802450,48245,G4802450,JEFFERSON,1804,59.4,794,69.2,639,57.1,371,48.1,48245,G4802450,9791,4217,3452,2122
JIM HOGG,57,67.1,4,*,0,-,53,67.1,0500000US48247,48247,G4802470,JIM HOGG,58,65.2,2,*,0,-,56,67.5,48247,G4802470,48247,G4802470,JIM HOGG,61,71.8,5,*,0,-,56,70.9,48247,G4802470,48247,G4802470,JIM HOGG,64,81,4,*,0,-,60,81.1,48247,G4802470,48247,G4802470,JIM HOGG,57,75,5,*,0,-,52,75.4,48247,G4802470,297,20,0,277
JIM WELLS,342,52.1,76,66.1,1,*,265,49.3,0500000US48249,48249,G4802490,JIM WELLS,294,49.7,60,66.7,0,-,234,46.8,48249,G4802490,48249,G4802490,JIM WELLS,252,48.5,49,63.6,0,-,203,45.9,48249,G4802490,48249,G4802490,JIM WELLS,311,58.1,53,63.9,1,*,257,57.2,48249,G4802490,48249,G4802490,JIM WELLS,289,52.2,47,54,0,-,242,52,48249,G4802490,1488,285,2,1201
JOHNSON,1204,61.1,957,65.6,25,59.5,222,47.3,0500000US48251,48251,G4802510,JOHNSON,1260,65.9,975,70.3,24,70.6,261,53.3,48251,G4802510,48251,G4802510,JOHNSON,1218,63.6,964,70.4,25,59.5,229,45.5,48251,G4802510,48251,G4802510,JOHNSON,1236,63.8,993,69.9,31,73.8,212,44.7,48251,G4802510,48251,G4802510,JOHNSON,1302,64.7,1005,68.3,32,69.6,265,53.6,48251,G4802510,6220,4894,137,1189
JONES,102,60.7,73,65.8,5,*,24,48,0500000US48253,48253,G4802530,JONES,98,60.9,74,64.3,4,*,20,51.3,48253,G4802530,48253,G4802530,JONES,121,65.8,89,71.8,6,*,26,52,48253,G4802530,48253,G4802530,JONES,109,60.2,81,68.1,3,*,25,43.1,48253,G4802530,48253,G4802530,JONES,114,61.6,79,63.2,4,*,31,59.6,48253,G4802530,544,396,22,126
KARNES,88,62,23,69.7,3,*,62,61.4,0500000US48255,48255,G4802550,KARNES,94,65.7,31,70.5,2,*,61,62.9,48255,G4802550,48255,G4802550,KARNES,96,60.8,34,73.9,1,*,61,55,48255,G4802550,48255,G4802550,KARNES,87,55.1,31,64.6,0,-,56,51.4,48255,G4802550,48255,G4802550,KARNES,106,57.6,41,70.7,1,*,64,52.9,48255,G4802550,471,160,7,304
KAUFMAN,863,60.8,593,64,91,62.3,179,51.7,0500000US48257,48257,G4802570,KAUFMAN,798,59.6,530,62.7,77,51.3,191,55.4,48257,G4802570,48257,G4802570,KAUFMAN,863,60.4,633,66.1,66,51.2,164,48,48257,G4802570,48257,G4802570,KAUFMAN,902,61.9,634,66.5,88,56.1,180,51.7,48257,G4802570,48257,G4802570,KAUFMAN,891,59.3,611,64.2,96,55.8,184,48.7,48257,G4802570,4317,3001,418,898
KENDALL,179,68.1,123,75.9,1,*,55,55,0500000US48259,48259,G4802590,KENDALL,199,68.6,143,79,1,*,55,50.9,48259,G4802590,48259,G4802590,KENDALL,222,67.9,166,77.6,1,*,55,49.1,48259,G4802590,48259,G4802590,KENDALL,202,66.2,155,76.4,0,-,47,46.1,48259,G4802590,48259,G4802590,KENDALL,242,70.3,180,76.9,1,*,61,56,48259,G4802590,1044,767,4,273
KENEDY,1,*,0,-,0,-,1,*,0500000US48261,48261,G4802610,KENEDY,1,*,1,*,0,-,0,-,48261,G4802610,48261,G4802610,KENEDY,3,*,2,*,0,-,1,*,48261,G4802610,48261,G4802610,KENEDY,3,*,0,-,0,-,3,*,48261,G4802610,48261,G4802610,KENEDY,4,*,2,*,0,-,2,*,48261,G4802610,12,5,0,7
KENT,3,*,3,*,0,-,0,-,0500000US48263,48263,G4802630,KENT,3,*,1,*,0,-,2,*,48263,G4802630,48263,G4802630,KENT,5,*,5,*,0,-,0,-,48263,G4802630,48263,G4802630,KENT,9,*,7,*,0,-,2,*,48263,G4802630,48263,G4802630,KENT,7,*,7,*,0,-,0,-,48263,G4802630,27,23,0,4
KERR,252,50.3,177,59.4,5,*,70,36.1,0500000US48265,48265,G4802650,KERR,244,52.2,164,59.6,5,*,75,40.8,48265,G4802650,48265,G4802650,KERR,226,46.2,152,52.4,4,*,70,36.3,48265,G4802650,48265,G4802650,KERR,215,44.1,140,49.3,1,*,74,37.8,48265,G4802650,48265,G4802650,KERR,248,46.2,148,47.1,4,*,96,45.1,48265,G4802650,1185,781,19,385
KIMBLE,25,64.1,20,74.1,0,-,5,*,0500000US48267,48267,G4802670,KIMBLE,22,56.4,17,63,0,-,5,*,48267,G4802670,48267,G4802670,KIMBLE,24,55.8,18,66.7,0,-,6,*,48267,G4802670,48267,G4802670,KIMBLE,21,52.5,15,51.7,0,-,6,*,48267,G4802670,48267,G4802670,KIMBLE,19,41.3,16,45.7,0,-,3,*,48267,G4802670,111,86,0,25
KING,2,*,2,*,0,-,0,-,0500000US48269,48269,G4802690,KING,6,*,6,*,0,-,0,-,48269,G4802690,48269,G4802690,KING,1,*,0,-,0,-,1,*,48269,G4802690,48269,G4802690,KING,0,-,0,-,0,-,0,-,48269,G4802690,48269,G4802690,KING,0,-,0,-,0,-,0,-,48269,G4802690,9,8,0,1
KINNEY,15,51.7,4,*,0,-,11,47.8,0500000US48271,48271,G4802710,KINNEY,20,52.6,8,*,0,-,12,50,48271,G4802710,48271,G4802710,KINNEY,17,48.6,10,*,0,-,7,*,48271,G4802710,48271,G4802710,KINNEY,20,62.5,5,*,0,-,15,57.7,48271,G4802710,48271,G4802710,KINNEY,14,60.9,4,*,0,-,10,*,48271,G4802710,86,31,0,55
KLEBERG,296,63,71,74.7,12,*,213,59,0500000US48273,48273,G4802730,KLEBERG,291,64.8,80,74.8,5,*,206,62,48273,G4802730,48273,G4802730,KLEBERG,290,63.6,62,57.9,5,*,223,65.2,48273,G4802730,48273,G4802730,KLEBERG,306,64,80,70.8,5,*,221,62.3,48273,G4802730,48273,G4802730,KLEBERG,265,56.6,72,69.9,8,*,185,52.9,48273,G4802730,1448,365,35,1048
KNOX,34,70.8,17,70.8,3,*,14,66.7,0500000US48275,48275,G4802750,KNOX,35,72.9,19,79.2,0,-,16,66.7,48275,G4802750,48275,G4802750,KNOX,34,64.2,19,76,2,*,13,54.2,48275,G4802750,48275,G4802750,KNOX,34,73.9,17,73.9,1,*,16,76.2,48275,G4802750,48275,G4802750,KNOX,40,58,24,75,2,*,14,40,48275,G4802750,177,96,8,73
LA SALLE,58,68.2,11,*,0,-,47,68.1,0500000US48283,48283,G4802830,LA SALLE,61,67.8,4,*,0,-,57,67.1,48283,G4802830,48283,G4802830,LA SALLE,54,54,5,*,0,-,49,55.1,48283,G4802830,48283,G4802830,LA SALLE,55,57.9,8,*,0,-,47,54.7,48283,G4802830,48283,G4802830,LA SALLE,44,48.9,11,*,0,-,33,45.2,48283,G4802830,272,39,0,233
LAMAR,401,62,305,66.2,61,52.6,35,50,0500000US48277,48277,G4802770,LAMAR,433,65.5,335,69.8,72,65.5,26,36.6,48277,G4802770,48277,G4802770,LAMAR,407,63.2,322,67.9,53,51.5,32,47.8,48277,G4802770,48277,G4802770,LAMAR,417,64.4,340,69.1,51,55.4,26,40.6,48277,G4802770,48277,G4802770,LAMAR,416,58.1,328,62.6,58,47.5,30,42.9,48277,G4802770,2074,1630,295,149
LAMB,115,52.8,41,68.3,3,*,71,46.7,0500000US48279,48279,G4802790,LAMB,105,48.8,45,60,1,*,59,42.8,48279,G4802790,48279,G4802790,LAMB,106,59.6,42,68.9,4,*,60,54.1,48279,G4802790,48279,G4802790,LAMB,101,52.1,39,66.1,0,-,62,48.8,48279,G4802790,48279,G4802790,LAMB,108,54.5,36,62.1,3,*,69,52.7,48279,G4802790,535,203,11,321
LAMPASAS,138,61.6,90,64.3,1,*,47,58.8,0500000US48281,48281,G4802810,LAMPASAS,128,65.3,95,68.8,1,*,32,56.1,48281,G4802810,48281,G4802810,LAMPASAS,130,66.7,98,68.5,0,-,32,65.3,48281,G4802810,48281,G4802810,LAMPASAS,166,72.8,116,73.9,4,*,46,68.7,48281,G4802810,48281,G4802810,LAMPASAS,158,67.8,124,72.9,5,*,29,53.7,48281,G4802810,720,523,11,186
LAVACA,141,70.1,91,76.5,11,*,39,61.9,0500000US48285,48285,G4802850,LAVACA,155,73.8,111,82.8,11,*,33,55.9,48285,G4802850,48285,G4802850,LAVACA,166,73.8,121,79.1,5,*,40,62.5,48285,G4802850,48285,G4802850,LAVACA,123,65.1,87,76.3,2,*,34,52.3,48285,G4802850,48285,G4802850,LAVACA,164,68,128,80,11,*,25,38.5,48285,G4802850,749,538,40,171
LEE,132,68,77,77,12,57.1,43,58.9,0500000US48287,48287,G4802870,LEE,124,69.7,71,80.7,6,*,47,58.8,48287,G4802870,48287,G4802870,LEE,131,69.3,84,75.7,12,*,35,58.3,48287,G4802870,48287,G4802870,LEE,113,64.2,59,64.8,5,*,49,63.6,48287,G4802870,48287,G4802870,LEE,133,61.6,60,57.1,13,56.5,60,68.2,48287,G4802870,633,351,48,234
LEON,103,56,77,59.7,3,*,23,47.9,0500000US48289,48289,G4802890,LEON,103,59.5,85,64.9,5,*,13,43.3,48289,G4802890,48289,G4802890,LEON,132,63.5,104,65.8,5,*,23,53.5,48289,G4802890,48289,G4802890,LEON,108,59,83,64.8,5,*,20,44.4,48289,G4802890,48289,G4802890,LEON,116,60.4,94,70.1,4,*,18,36,48289,G4802890,562,443,22,97
LIBERTY,493,47,333,48.3,41,42.7,119,45.2,0500000US48291,48291,G4802910,LIBERTY,462,47.7,303,48.8,45,52.9,114,43.3,48291,G4802910,48291,G4802910,LIBERTY,521,50.4,351,53.2,33,44,137,46,48291,G4802910,48291,G4802910,LIBERTY,564,53.6,398,57.6,36,51.4,130,44.7,48291,G4802910,48291,G4802910,LIBERTY,497,47.1,343,51.2,36,43.9,118,38.9,48291,G4802910,2537,1728,191,618
LIMESTONE,148,51.4,92,60.1,23,44.2,33,39.8,0500000US48293,48293,G4802930,LIMESTONE,141,49.1,90,58.8,20,45.5,31,34.4,48293,G4802930,48293,G4802930,LIMESTONE,176,57.9,130,68.8,18,47.4,28,36.4,48293,G4802930,48293,G4802930,LIMESTONE,135,50.8,83,57.6,11,45.8,41,41.8,48293,G4802930,48293,G4802930,LIMESTONE,176,55.2,104,65.4,22,53.7,50,42,48293,G4802930,776,499,94,183
LIPSCOMB,32,54.2,24,64.9,0,-,8,36.4,0500000US48295,48295,G4802950,LIPSCOMB,20,46.5,15,71.4,0,-,5,22.7,48295,G4802950,48295,G4802950,LIPSCOMB,12,36.4,8,*,0,-,4,*,48295,G4802950,48295,G4802950,LIPSCOMB,19,42.2,11,52.4,0,-,8,33.3,48295,G4802950,48295,G4802950,LIPSCOMB,20,58.8,12,*,0,-,8,*,48295,G4802950,103,70,0,33
LIVE OAK,67,60.4,32,65.3,1,*,34,56.7,0500000US48297,48297,G4802970,LIVE OAK,73,60.3,29,63,0,-,44,58.7,48297,G4802970,48297,G4802970,LIVE OAK,80,66.7,41,80.4,0,-,39,56.5,48297,G4802970,48297,G4802970,LIVE OAK,72,64.3,39,68.4,0,-,33,60,48297,G4802970,48297,G4802970,LIVE OAK,73,55.3,35,63.6,0,-,38,50,48297,G4802970,365,176,1,188
LLANO,102,65.4,74,64.3,1,*,27,67.5,0500000US48299,48299,G4802990,LLANO,89,64,70,68,3,*,16,48.5,48299,G4802990,48299,G4802990,LLANO,108,71.1,91,73.4,2,*,15,57.7,48299,G4802990,48299,G4802990,LLANO,101,68.2,84,69.4,0,-,17,65.4,48299,G4802990,48299,G4802990,LLANO,100,64.9,85,66.4,1,*,14,58.3,48299,G4802990,500,404,7,89
LOVING,0,-,0,-,0,-,0,-,0500000US48301,48301,G4803010,LOVING,0,-,0,-,0,-,0,-,48301,G4803010,48301,G4803010,LOVING,0,-,0,-,0,-,0,-,48301,G4803010,48301,G4803010,LOVING,0,-,0,-,0,-,0,-,48301,G4803010,48301,G4803010,LOVING,0,-,0,-,0,-,0,-,48301,G4803010,0,0,0,0
LUBBOCK,2538,62.4,1419,70.8,163,54,956,54.2,0500000US48303,48303,G4803030,LUBBOCK,2448,63.3,1407,71.2,148,50.3,893,55.9,48303,G4803030,48303,G4803030,LUBBOCK,2494,63.7,1380,69.3,191,57.9,923,57.9,48303,G4803030,48303,G4803030,LUBBOCK,2612,63.5,1489,69.7,173,51.5,950,57.8,48303,G4803030,48303,G4803030,LUBBOCK,2783,65.9,1529,73.1,190,56.4,1064,59.3,48303,G4803030,12875,7224,865,4786
LYNN,41,57.7,15,55.6,1,*,25,59.5,0500000US48305,48305,G4803050,LYNN,48,60,25,67.6,2,*,21,51.2,48305,G4803050,48305,G4803050,LYNN,51,64.6,26,74.3,0,-,25,58.1,48305,G4803050,48305,G4803050,LYNN,49,61.3,20,71.4,0,-,29,55.8,48305,G4803050,48305,G4803050,LYNN,37,57.8,22,68.8,0,-,15,50,48305,G4803050,226,108,3,115
MADISON,72,58.5,41,57.7,14,58.3,17,60.7,0500000US48313,48313,G4803130,MADISON,62,57.4,42,65.6,5,*,15,50,48313,G4803130,48313,G4803130,MADISON,73,52.5,39,54.9,13,48.1,21,51.2,48313,G4803130,48313,G4803130,MADISON,87,64,52,73.2,13,59.1,22,51.2,48313,G4803130,48313,G4803130,MADISON,95,61.7,65,83.3,13,46.4,17,35.4,48313,G4803130,389,239,58,92
MARION,51,54.8,37,62.7,11,37.9,3,*,0500000US48315,48315,G4803150,MARION,52,57.1,42,61.8,7,*,3,*,48315,G4803150,48315,G4803150,MARION,57,53.3,45,59.2,10,41.7,2,*,48315,G4803150,48315,G4803150,MARION,52,55.3,34,54,13,54.2,5,*,48315,G4803150,48315,G4803150,MARION,45,52.3,32,50,11,*,2,*,48315,G4803150,257,190,52,15
MARTIN,53,63.9,28,71.8,0,-,25,56.8,0500000US48317,48317,G4803170,MARTIN,39,52.7,20,60.6,0,-,19,46.3,48317,G4803170,48317,G4803170,MARTIN,42,48.3,21,58.3,1,*,20,40,48317,G4803170,48317,G4803170,MARTIN,47,47.5,19,48.7,0,-,28,46.7,48317,G4803170,48317,G4803170,MARTIN,64,53.8,34,54.8,0,-,30,52.6,48317,G4803170,245,122,1,122
MASON,18,60,14,58.3,0,-,4,*,0500000US48319,48319,G4803190,MASON,27,69.2,22,73.3,0,-,5,*,48319,G4803190,48319,G4803190,MASON,28,70,20,83.3,0,-,8,*,48319,G4803190,48319,G4803190,MASON,18,48.6,13,52,0,-,5,*,48319,G4803190,48319,G4803190,MASON,15,55.6,9,*,0,-,6,*,48319,G4803190,106,78,0,28
MATAGORDA,240,46.2,108,57.4,28,42.4,104,39.2,0500000US48321,48321,G4803210,MATAGORDA,263,51.8,98,52.1,23,52.3,142,51.4,48321,G4803210,48321,G4803210,MATAGORDA,265,55,114,62,25,53.2,126,50.2,48321,G4803210,48321,G4803210,MATAGORDA,282,56.6,126,66,18,42.9,138,52.1,48321,G4803210,48321,G4803210,MATAGORDA,304,54.7,129,69,20,33.9,155,50,48321,G4803210,1354,575,114,665
MAVERICK,816,82.7,19,76,0,-,797,82.9,0500000US48323,48323,G4803230,MAVERICK,837,81.3,18,62.1,0,-,819,81.8,48323,G4803230,48323,G4803230,MAVERICK,848,78.2,19,79.2,1,*,828,78.1,48323,G4803230,48323,G4803230,MAVERICK,855,79.2,22,68.8,1,*,832,79.5,48323,G4803230,48323,G4803230,MAVERICK,881,75.8,38,86.4,0,-,843,75.3,48323,G4803230,4237,116,2,4119
MCCULLOCH,67,63.8,47,75.8,1,*,19,45.2,0500000US48307,48307,G4803070,MCCULLOCH,67,62.6,42,65.6,1,*,24,58.5,48307,G4803070,48307,G4803070,MCCULLOCH,60,61.9,37,68.5,0,-,23,54.8,48307,G4803070,48307,G4803070,MCCULLOCH,58,69.9,39,75,0,-,19,61.3,48307,G4803070,48307,G4803070,MCCULLOCH,58,70.7,39,79.6,1,*,18,56.3,48307,G4803070,310,204,3,103
MCLENNAN,2058,62.5,1114,68.4,301,58.1,643,56.1,0500000US48309,48309,G4803090,MCLENNAN,1944,59.5,1080,64.9,230,51.1,634,55,48309,G4803090,48309,G4803090,MCLENNAN,2054,64.2,1137,69.3,303,58.8,614,58.8,48309,G4803090,48309,G4803090,MCLENNAN,2068,62.2,1117,68.5,286,52.6,665,57.9,48309,G4803090,48309,G4803090,MCLENNAN,2161,64.6,1234,72.2,251,54.2,676,57.7,48309,G4803090,10285,5682,1371,3232
MCMULLEN,5,*,4,*,0,-,1,*,0500000US48311,48311,G4803110,MCMULLEN,6,*,3,*,0,-,3,*,48311,G4803110,48311,G4803110,MCMULLEN,2,*,0,-,0,-,2,*,48311,G4803110,48311,G4803110,MCMULLEN,8,*,6,*,0,-,2,*,48311,G4803110,48311,G4803110,MCMULLEN,4,*,4,*,0,-,0,-,48311,G4803110,25,17,0,8
MEDINA,341,71.6,154,78.6,0,-,187,67.5,0500000US48325,48325,G4803250,MEDINA,312,70.9,139,79.9,3,*,170,64.6,48325,G4803250,48325,G4803250,MEDINA,323,69.5,147,77.4,0,-,176,64,48325,G4803250,48325,G4803250,MEDINA,331,66.6,147,73.5,0,-,184,62,48325,G4803250,48325,G4803250,MEDINA,367,65.4,175,72,1,*,191,60.8,48325,G4803250,1674,762,4,908
MENARD,5,*,4,*,0,-,1,*,0500000US48327,48327,G4803270,MENARD,11,*,7,*,0,-,4,*,48327,G4803270,48327,G4803270,MENARD,13,61.9,6,*,0,-,7,*,48327,G4803270,48327,G4803270,MENARD,16,66.7,8,*,1,*,7,*,48327,G4803270,48327,G4803270,MENARD,15,65.2,8,*,0,-,7,*,48327,G4803270,60,33,1,26
MIDLAND,1333,59.1,686,68.6,60,47.6,587,51.9,0500000US48329,48329,G4803290,MIDLAND,1307,56.7,694,67.2,63,52.9,550,47.7,48329,G4803290,48329,G4803290,MIDLAND,1466,58.6,787,68.3,74,55.2,605,49.8,48329,G4803290,48329,G4803290,MIDLAND,1803,67,927,73.9,77,57.9,799,61.3,48329,G4803290,48329,G4803290,MIDLAND,1772,62.9,910,73,69,45.4,793,55.9,48329,G4803290,7681,4004,343,3334
MILAM,123,59.1,75,67.6,7,*,41,50,0500000US48331,48331,G4803310,MILAM,105,58.7,76,70.4,3,*,26,41.9,48331,G4803310,48331,G4803310,MILAM,133,66.8,71,70.3,13,*,49,61.3,48331,G4803310,48331,G4803310,MILAM,130,58.3,91,72.8,5,*,34,43,48331,G4803310,48331,G4803310,MILAM,166,65.4,103,73.6,12,57.1,51,54.8,48331,G4803310,657,416,40,201
MILLS,31,62,20,58.8,0,-,11,*,0500000US48333,48333,G4803330,MILLS,26,68.4,18,64.3,0,-,8,*,48333,G4803330,48333,G4803330,MILLS,18,56.3,15,62.5,0,-,3,*,48333,G4803330,48333,G4803330,MILLS,31,63.3,28,70,0,-,3,*,48333,G4803330,48333,G4803330,MILLS,37,66.1,29,70.7,0,-,8,*,48333,G4803330,143,110,0,33
MITCHELL,55,55.6,29,52.7,0,-,26,60.5,0500000US48335,48335,G4803350,MITCHELL,64,59.8,42,68.9,1,*,21,50,48335,G4803350,48335,G4803350,MITCHELL,59,57.8,29,54.7,1,*,29,60.4,48335,G4803350,48335,G4803350,MITCHELL,48,51.1,29,63,1,*,18,39.1,48335,G4803350,48335,G4803350,MITCHELL,65,70.7,36,70.6,0,-,29,72.5,48335,G4803350,291,165,3,123
MONTAGUE,148,57.8,133,61.6,0,-,15,37.5,0500000US48337,48337,G4803370,MONTAGUE,123,58.9,103,59.5,1,*,19,54.3,48337,G4803370,48337,G4803370,MONTAGUE,138,61.6,127,66.8,0,-,11,33.3,48337,G4803370,48337,G4803370,MONTAGUE,134,62,119,65.4,1,*,14,42.4,48337,G4803370,48337,G4803370,MONTAGUE,136,62.7,117,65,0,-,19,51.4,48337,G4803370,679,599,2,78
MONTGOMERY,3864,61.5,2735,65.6,131,48.2,998,54.2,0500000US48339,48339,G4803390,MONTGOMERY,4011,63.8,2887,67.8,143,53,981,55.7,48339,G4803390,48339,G4803390,MONTGOMERY,4020,64,2841,68.1,141,57.3,1038,55.6,48339,G4803390,48339,G4803390,MONTGOMERY,4022,61.6,2927,66.4,134,49.3,961,52.1,48339,G4803390,48339,G4803390,MONTGOMERY,4274,62.9,3020,67.7,171,55.5,1083,53.5,48339,G4803390,20191,14410,720,5061
MOORE,177,45.2,65,45.1,1,*,111,45.3,0500000US48341,48341,G4803410,MOORE,198,50.3,80,51.3,3,*,115,49.6,48341,G4803410,48341,G4803410,MOORE,221,53.8,78,52.7,3,*,140,54.5,48341,G4803410,48341,G4803410,MOORE,226,52.2,86,51.5,5,*,135,52.5,48341,G4803410,48341,G4803410,MOORE,213,50.8,90,56.6,1,*,122,47.5,48341,G4803410,1035,399,13,623
MORRIS,89,58.9,62,65.3,16,48.5,11,47.8,0500000US48343,48343,G4803430,MORRIS,108,67.1,68,65.4,27,71.1,13,*,48343,G4803430,48343,G4803430,MORRIS,91,55.5,61,57.5,16,47.1,14,58.3,48343,G4803430,48343,G4803430,MORRIS,90,57.3,65,65.7,17,44.7,8,*,48343,G4803430,48343,G4803430,MORRIS,75,52.8,53,59.6,13,44.8,9,37.5,48343,G4803430,453,309,89,55
MOTLEY,4,*,4,*,0,-,0,-,0500000US48345,48345,G4803450,MOTLEY,4,*,3,*,0,-,1,*,48345,G4803450,48345,G4803450,MOTLEY,6,*,6,*,0,-,0,-,48345,G4803450,48345,G4803450,MOTLEY,7,*,7,*,0,-,0,-,48345,G4803450,48345,G4803450,MOTLEY,1,*,1,*,0,-,0,-,48345,G4803450,22,21,0,1
NACOGDOCHES,580,62.8,297,68.4,111,49.3,172,64.9,0500000US48347,48347,G4803470,NACOGDOCHES,582,64.2,305,67.6,89,52.7,188,65.7,48347,G4803470,48347,G4803470,NACOGDOCHES,570,64.2,314,74.2,91,46.9,165,60.9,48347,G4803470,48347,G4803470,NACOGDOCHES,480,55.1,286,64.4,80,47.3,114,44.2,48347,G4803470,48347,G4803470,NACOGDOCHES,508,57.8,282,63.2,82,49.4,144,53.9,48347,G4803470,2720,1484,453,783
NAVARRO,305,45.8,170,51.4,29,34.5,106,42.2,0500000US48349,48349,G4803490,NAVARRO,304,45.6,179,57.9,33,33.3,92,35.7,48349,G4803490,48349,G4803490,NAVARRO,338,48.6,206,59.7,43,43,89,35.6,48349,G4803490,48349,G4803490,NAVARRO,333,49.9,180,56.3,50,49.5,103,41.7,48349,G4803490,48349,G4803490,NAVARRO,371,48.6,228,58.8,48,47.5,95,34.7,48349,G4803490,1651,963,203,485
NEWTON,67,51.5,49,59,18,38.3,0,-,0500000US48351,48351,G4803510,NEWTON,92,63.4,74,66.7,15,53.6,3,*,48351,G4803510,48351,G4803510,NEWTON,89,65.9,74,66.7,14,63.6,1,*,48351,G4803510,48351,G4803510,NEWTON,84,60.9,67,60.9,16,66.7,1,*,48351,G4803510,48351,G4803510,NEWTON,84,62.7,69,63.9,11,50,4,*,48351,G4803510,416,333,74,9
NOLAN,115,58.4,68,66.7,9,*,38,46.9,0500000US48353,48353,G4803530,NOLAN,127,69,75,75,7,*,45,61.6,48353,G4803530,48353,G4803530,NOLAN,129,67.9,77,72.6,5,*,47,60.3,48353,G4803530,48353,G4803530,NOLAN,149,68.3,79,76.7,10,*,60,60,48353,G4803530,48353,G4803530,NOLAN,160,69.9,82,68.3,9,*,69,71.1,48353,G4803530,680,381,40,259
NUECES,2994,64.7,912,72.4,77,58.8,2005,62,0500000US48355,48355,G4803550,NUECES,2962,67,896,70.7,89,63.1,1977,65.6,48355,G4803550,48355,G4803550,NUECES,3057,68.3,969,73.8,82,65.1,2006,66.1,48355,G4803550,48355,G4803550,NUECES,3002,63.8,924,67.6,80,58.8,1998,62.4,48355,G4803550,48355,G4803550,NUECES,2775,55.3,839,62,60,49.2,1876,52.9,48355,G4803550,14790,4540,388,9862
OCHILTREE,92,57.9,47,73.4,0,-,45,47.4,0500000US48357,48357,G4803570,OCHILTREE,98,53.6,52,74.3,0,-,46,40.7,48357,G4803570,48357,G4803570,OCHILTREE,85,51.2,49,68.1,1,*,35,38,48357,G4803570,48357,G4803570,OCHILTREE,85,49.1,43,66.2,1,*,41,38.3,48357,G4803570,48357,G4803570,OCHILTREE,87,47.5,40,62.5,0,-,47,39.5,48357,G4803570,447,231,2,214
OLDHAM,13,*,13,*,0,-,0,-,0500000US48359,48359,G4803590,OLDHAM,16,*,15,*,0,-,1,*,48359,G4803590,48359,G4803590,OLDHAM,13,*,13,*,0,-,0,-,48359,G4803590,48359,G4803590,OLDHAM,24,77.4,22,81.5,0,-,2,*,48359,G4803590,48359,G4803590,OLDHAM,18,81.8,17,*,0,-,1,*,48359,G4803590,84,80,0,4
ORANGE,617,68.9,524,70.8,45,53.6,48,67.6,0500000US48361,48361,G4803610,ORANGE,670,71.9,570,74.4,57,58.2,43,63.2,48361,G4803610,48361,G4803610,ORANGE,701,70.4,589,73.8,58,52.3,54,62.1,48361,G4803610,48361,G4803610,ORANGE,637,65.8,532,67.8,56,54.4,49,61.3,48361,G4803610,48361,G4803610,ORANGE,611,62.9,525,64.3,39,52,47,58,48361,G4803610,3236,2740,255,241
PALO PINTO,234,65.9,176,71,2,*,56,56.6,0500000US48363,48363,G4803630,PALO PINTO,241,65.7,177,69.7,4,*,60,56.1,48363,G4803630,48363,G4803630,PALO PINTO,270,71.8,194,74.6,5,*,71,64.5,48363,G4803630,48363,G4803630,PALO PINTO,262,70.4,192,74.7,3,*,67,60.9,48363,G4803630,48363,G4803630,PALO PINTO,259,71.7,204,78.5,5,*,50,52.6,48363,G4803630,1266,943,19,304
PANOLA,130,55.6,96,60.4,23,51.1,11,36.7,0500000US48365,48365,G4803650,PANOLA,205,62.9,158,69.6,20,48.8,27,46.6,48365,G4803650,48365,G4803650,PANOLA,151,55.5,117,60.3,20,51.3,14,35.9,48365,G4803650,48365,G4803650,PANOLA,155,53.8,122,62.2,17,37.8,16,34,48365,G4803650,48365,G4803650,PANOLA,152,55.3,124,62.3,16,43.2,12,30.8,48365,G4803650,793,617,96,80
PARKER,834,64.5,733,68.6,10,*,91,42.7,0500000US48367,48367,G4803670,PARKER,911,70.5,813,74.2,4,*,94,50.3,48367,G4803670,48367,G4803670,PARKER,969,72.2,858,75.3,13,*,98,52.4,48367,G4803670,48367,G4803670,PARKER,887,69.2,794,73.1,4,*,89,47.6,48367,G4803670,48367,G4803670,PARKER,1037,73,920,76.9,7,*,110,50.9,48367,G4803670,4638,4118,38,482
PARMER,71,52.2,22,62.9,0,-,49,48.5,0500000US48369,48369,G4803690,PARMER,90,54.9,32,80,1,*,57,46.3,48369,G4803690,48369,G4803690,PARMER,79,53,28,66.7,0,-,51,47.7,48369,G4803690,48369,G4803690,PARMER,69,49.3,29,59.2,0,-,40,44,48369,G4803690,48369,G4803690,PARMER,63,53.4,23,63.9,1,*,39,48.1,48369,G4803690,372,134,2,236
PECOS,133,62.7,25,61,1,*,107,63.3,0500000US48371,48371,G4803710,PECOS,132,57.6,26,54.2,1,*,105,58.3,48371,G4803710,48371,G4803710,PECOS,109,54.2,29,65.9,0,-,80,51,48371,G4803710,48371,G4803710,PECOS,161,69.4,42,75,2,*,117,67.2,48371,G4803710,48371,G4803710,PECOS,121,55.3,31,62,1,*,89,53.3,48371,G4803710,656,153,5,498
POLK,285,58.9,210,61.8,23,51.1,52,52.5,0500000US48373,48373,G4803730,POLK,268,57.4,192,57.3,28,65.1,48,53.9,48373,G4803730,48373,G4803730,POLK,275,57.4,202,59.1,28,58.3,45,50.6,48373,G4803730,48373,G4803730,POLK,274,53.2,204,54.3,15,36.6,55,56.1,48373,G4803730,48373,G4803730,POLK,276,59.5,220,62.5,11,45.8,45,51.1,48373,G4803730,1378,1028,105,245
POTTER,1023,49.2,546,57.9,93,39.2,384,42.6,0500000US48375,48375,G4803750,POTTER,1168,57.8,569,64.2,100,43.3,499,55.3,48375,G4803750,48375,G4803750,POTTER,1233,58.8,579,61.5,101,45.3,553,59.3,48375,G4803750,48375,G4803750,POTTER,1187,57.5,580,63,120,51.1,487,53.7,48375,G4803750,48375,G4803750,POTTER,1194,57.8,522,60.9,116,50.4,556,56.9,48375,G4803750,5805,2796,530,2479
PRESIDIO,53,39.6,7,*,1,*,45,38.8,0500000US48377,48377,G4803770,PRESIDIO,37,34.3,5,*,0,-,32,33,48377,G4803770,48377,G4803770,PRESIDIO,50,47.6,4,*,0,-,46,46.5,48377,G4803770,48377,G4803770,PRESIDIO,55,42,8,*,0,-,47,41.2,48377,G4803770,48377,G4803770,PRESIDIO,71,51.1,8,*,1,*,62,49.2,48377,G4803770,266,32,2,232
RAINS,61,59.8,52,61.2,1,*,8,*,0500000US48379,48379,G4803790,RAINS,57,58.2,51,61.4,0,-,6,*,48379,G4803790,48379,G4803790,RAINS,76,68.5,64,69.6,1,*,11,*,48379,G4803790,48379,G4803790,RAINS,57,63.3,49,63.6,1,*,7,*,48379,G4803790,48379,G4803790,RAINS,48,55.8,45,58.4,0,-,3,*,48379,G4803790,299,261,3,35
RANDALL,1071,69.2,844,72.9,20,46.5,207,59.7,0500000US48381,48381,G4803810,RANDALL,1257,76.3,974,77.9,27,61.4,256,72.5,48381,G4803810,48381,G4803810,RANDALL,1192,73.9,925,77.1,30,56.6,237,65.8,48381,G4803810,48381,G4803810,RANDALL,1251,74.3,952,76.7,32,58.2,267,69,48381,G4803810,48381,G4803810,RANDALL,1269,72.1,950,76.2,41,57.7,278,63,48381,G4803810,6040,4645,150,1245
REAGAN,22,42.3,10,*,0,-,12,35.3,0500000US48383,48383,G4803830,REAGAN,23,46,10,*,1,*,12,36.4,48383,G4803830,48383,G4803830,REAGAN,28,54.9,11,*,0,-,17,47.2,48383,G4803830,48383,G4803830,REAGAN,48,58.5,19,82.6,1,*,28,48.3,48383,G4803830,48383,G4803830,REAGAN,26,55.3,4,*,1,*,21,58.3,48383,G4803830,147,54,3,90
REAL,18,48.6,13,54.2,0,-,5,*,0500000US48385,48385,G4803850,REAL,18,54.5,13,56.5,0,-,5,*,48385,G4803850,48385,G4803850,REAL,16,51.6,11,52.4,0,-,5,*,48385,G4803850,48385,G4803850,REAL,15,46.9,9,42.9,0,-,6,*,48385,G4803850,48385,G4803850,REAL,19,52.8,13,54.2,0,-,6,*,48385,G4803850,86,59,0,27
RED RIVER,95,69.3,74,76.3,13,56.5,8,*,0500000US48387,48387,G4803870,RED RIVER,83,67.5,65,75.6,12,*,6,*,48387,G4803870,48387,G4803870,RED RIVER,72,56.7,61,69.3,9,32.1,2,*,48387,G4803870,48387,G4803870,RED RIVER,98,63.6,80,70.8,11,47.8,7,*,48387,G4803870,48387,G4803870,RED RIVER,67,54,54,59.3,6,*,7,*,48387,G4803870,415,334,51,30
REEVES,113,69.3,16,76.2,0,-,97,68.3,0500000US48389,48389,G4803890,REEVES,104,67.1,14,*,1,*,89,65.4,48389,G4803890,48389,G4803890,REEVES,106,65,12,52.2,0,-,94,67.1,48389,G4803890,48389,G4803890,REEVES,147,76.2,20,95.2,2,*,125,73.5,48389,G4803890,48389,G4803890,REEVES,129,65.2,16,69.6,1,*,112,64.4,48389,G4803890,599,78,4,517
REFUGIO,50,61,18,64.3,0,-,32,60.4,0500000US48391,48391,G4803910,REFUGIO,74,82.2,31,91.2,6,*,37,75.5,48391,G4803910,48391,G4803910,REFUGIO,55,67.9,26,72.2,0,-,29,64.4,48391,G4803910,48391,G4803910,REFUGIO,44,62.9,12,*,4,*,28,62.2,48391,G4803910,48391,G4803910,REFUGIO,49,53.8,24,50,5,*,20,54.1,48391,G4803910,272,111,15,146
ROBERTS,10,*,10,*,0,-,0,-,0500000US48393,48393,G4803930,ROBERTS,7,*,7,*,0,-,0,-,48393,G4803930,48393,G4803930,ROBERTS,6,*,6,*,0,-,0,-,48393,G4803930,48393,G4803930,ROBERTS,6,*,6,*,0,-,0,-,48393,G4803930,48393,G4803930,ROBERTS,7,*,7,*,0,-,0,-,48393,G4803930,36,36,0,0
ROBERTSON,77,53.5,37,62.7,16,51.6,24,44.4,0500000US48395,48395,G4803950,ROBERTSON,108,60.7,57,64,26,53.1,25,62.5,48395,G4803950,48395,G4803950,ROBERTSON,94,57.7,55,67.9,13,41.9,26,51,48395,G4803950,48395,G4803950,ROBERTSON,95,52.2,47,57.3,16,30.8,32,66.7,48395,G4803950,48395,G4803950,ROBERTSON,126,56.8,72,62.6,19,39.6,35,59.3,48395,G4803950,500,268,90,142
ROCKWALL,640,69.2,509,72.9,25,62.5,106,56.7,0500000US48397,48397,G4803970,ROCKWALL,666,69.5,506,72.8,32,61.5,128,60.7,48397,G4803970,48397,G4803970,ROCKWALL,633,66.8,510,72.9,20,45.5,103,50.7,48397,G4803970,48397,G4803970,ROCKWALL,647,67.2,505,71.2,27,65.9,115,54,48397,G4803970,48397,G4803970,ROCKWALL,631,65.1,494,70.1,24,48,113,52.8,48397,G4803970,3217,2524,128,565
RUNNELS,74,57.4,50,70.4,1,*,23,41.1,0500000US48399,48399,G4803990,RUNNELS,88,68.8,57,79.2,0,-,31,57.4,48399,G4803990,48399,G4803990,RUNNELS,62,63.3,40,70.2,1,*,21,52.5,48399,G4803990,48399,G4803990,RUNNELS,52,54.2,33,56.9,1,*,18,48.6,48399,G4803990,48399,G4803990,RUNNELS,62,63.3,43,74.1,1,*,18,46.2,48399,G4803990,338,223,4,111
RUSK,343,52.7,244,61.3,41,43.2,58,36.7,0500000US48401,48401,G4804010,RUSK,400,61.8,276,67.8,45,54.2,79,50.3,48401,G4804010,48401,G4804010,RUSK,378,55.2,248,60.6,52,53.6,78,43.6,48401,G4804010,48401,G4804010,RUSK,363,59,237,63.2,51,60.7,75,48.1,48401,G4804010,48401,G4804010,RUSK,334,58.6,227,63.8,35,53.8,72,48.3,48401,G4804010,1818,1232,224,362
SABINE,49,59,44,57.9,3,*,2,*,0500000US48403,48403,G4804030,SABINE,55,61.8,48,65.8,4,*,3,*,48403,G4804030,48403,G4804030,SABINE,49,62.8,41,63.1,4,*,4,*,48403,G4804030,48403,G4804030,SABINE,48,51.6,38,48.1,4,*,6,*,48403,G4804030,48403,G4804030,SABINE,61,74.4,53,74.6,3,*,5,*,48403,G4804030,262,224,18,20
SAN AUGUSTINE,54,57.4,31,63.3,17,50,6,*,0500000US48405,48405,G4804050,SAN AUGUSTINE,73,66.4,47,73.4,12,41.4,14,*,48405,G4804050,48405,G4804050,SAN AUGUSTINE,62,55.9,36,59,11,36.7,15,*,48405,G4804050,48405,G4804050,SAN AUGUSTINE,56,57.7,32,58.2,15,55.6,9,*,48405,G4804050,48405,G4804050,SAN AUGUSTINE,52,56.5,41,67.2,10,47.6,1,*,48405,G4804050,297,187,65,45
SAN JACINTO,136,48.1,109,49.8,10,40,17,43.6,0500000US48407,48407,G4804070,SAN JACINTO,149,58.7,112,58.9,13,54.2,24,60,48407,G4804070,48407,G4804070,SAN JACINTO,144,53.1,101,50,12,54.5,31,66,48407,G4804070,48407,G4804070,SAN JACINTO,154,55.8,122,58.7,12,38.7,20,54.1,48407,G4804070,48407,G4804070,SAN JACINTO,149,54.2,108,54.5,16,57.1,25,51,48407,G4804070,732,552,63,117
SAN PATRICIO,573,64.3,222,73.3,3,*,348,60.1,0500000US48409,48409,G4804090,SAN PATRICIO,531,61.7,214,68.4,4,*,313,58.3,48409,G4804090,48409,G4804090,SAN PATRICIO,547,63.9,231,73.3,0,-,316,59,48409,G4804090,48409,G4804090,SAN PATRICIO,525,57.1,198,66,10,*,317,52.1,48409,G4804090,48409,G4804090,SAN PATRICIO,520,51,198,55.3,6,*,316,48.6,48409,G4804090,2696,1063,23,1610
SAN SABA,34,58.6,23,79.3,0,-,11,37.9,0500000US48411,48411,G4804110,SAN SABA,40,58,26,70.3,0,-,14,43.8,48411,G4804110,48411,G4804110,SAN SABA,43,58.9,28,71.8,0,-,15,44.1,48411,G4804110,48411,G4804110,SAN SABA,37,69.8,18,69.2,0,-,19,70.4,48411,G4804110,48411,G4804110,SAN SABA,46,70.8,21,67.7,0,-,25,73.5,48411,G4804110,200,116,0,84
SCHLEICHER,28,70,15,71.4,0,-,13,*,0500000US48413,48413,G4804130,SCHLEICHER,23,69.7,10,*,0,-,13,*,48413,G4804130,48413,G4804130,SCHLEICHER,21,55.3,7,*,0,-,14,50,48413,G4804130,48413,G4804130,SCHLEICHER,23,56.1,11,*,0,-,12,42.9,48413,G4804130,48413,G4804130,SCHLEICHER,23,57.5,6,*,0,-,17,53.1,48413,G4804130,118,49,0,69
SCURRY,129,46.1,69,57.5,2,*,58,38.7,0500000US48415,48415,G4804150,SCURRY,99,40.4,61,51.7,1,*,37,30.1,48415,G4804150,48415,G4804150,SCURRY,122,45.5,66,53.2,4,*,52,38.5,48415,G4804150,48415,G4804150,SCURRY,105,43.8,54,53.5,2,*,49,36.8,48415,G4804150,48415,G4804150,SCURRY,146,56.4,83,63.4,4,*,59,48.8,48415,G4804150,601,333,13,255
SHACKELFORD,17,63,15,68.2,0,-,2,*,0500000US48417,48417,G4804170,SHACKELFORD,23,76.7,21,80.8,0,-,2,*,48417,G4804170,48417,G4804170,SHACKELFORD,26,63.4,20,60.6,0,-,6,*,48417,G4804170,48417,G4804170,SHACKELFORD,24,70.6,24,80,0,-,0,-,48417,G4804170,48417,G4804170,SHACKELFORD,11,47.8,8,*,0,-,3,*,48417,G4804170,101,88,0,13
SHELBY,180,53.9,103,62.8,33,45.2,44,45.4,0500000US48419,48419,G4804190,SHELBY,193,58.7,106,57.9,29,49.2,58,66.7,48419,G4804190,48419,G4804190,SHELBY,201,55.2,121,59.6,17,34,63,56.8,48419,G4804190,48419,G4804190,SHELBY,193,54.7,124,61.7,19,33.3,50,52.6,48419,G4804190,48419,G4804190,SHELBY,200,60.1,108,59.7,28,53.8,64,64,48419,G4804190,967,562,126,279
SHERMAN,13,43.3,5,*,1,*,7,*,0500000US48421,48421,G4804210,SHERMAN,33,67.3,22,84.6,0,-,11,47.8,48421,G4804210,48421,G4804210,SHERMAN,25,71.4,13,*,0,-,12,*,48421,G4804210,48421,G4804210,SHERMAN,24,58.5,9,*,0,-,15,55.6,48421,G4804210,48421,G4804210,SHERMAN,21,55.3,9,*,0,-,12,48,48421,G4804210,116,58,1,57
SMITH,1188,50,834,60.4,155,38.1,199,33.7,0500000US48423,48423,G4804230,SMITH,1409,57.3,970,67.5,186,43.8,253,42.3,48423,G4804230,48423,G4804230,SMITH,1456,54.3,935,62.1,194,44.1,327,44.5,48423,G4804230,48423,G4804230,SMITH,1359,45.3,887,55.7,199,38.1,273,30.7,48423,G4804230,48423,G4804230,SMITH,1540,50.1,1024,61.7,192,39.8,324,34.7,48423,G4804230,6952,4650,926,1376
SOMERVELL,65,67,51,78.5,0,-,14,43.8,0500000US48425,48425,G4804250,SOMERVELL,39,56.5,33,60,1,*,5,*,48425,G4804250,48425,G4804250,SOMERVELL,61,64.9,46,70.8,1,*,14,50,48425,G4804250,48425,G4804250,SOMERVELL,69,75.8,46,76.7,0,-,23,74.2,48425,G4804250,48425,G4804250,SOMERVELL,51,60,32,60.4,0,-,19,61.3,48425,G4804250,285,208,2,75
STARR,369,44.7,3,*,0,-,366,44.5,0500000US48427,48427,G4804270,STARR,505,57.3,4,*,0,-,501,57.3,48427,G4804270,48427,G4804270,STARR,411,53.6,5,*,0,-,406,53.4,48427,G4804270,48427,G4804270,STARR,417,56.1,2,*,0,-,415,56.2,48427,G4804270,48427,G4804270,STARR,391,52.6,4,*,0,-,387,52.4,48427,G4804270,2093,18,0,2075
STEPHENS,63,57.3,47,65.3,2,*,14,40,0500000US48429,48429,G4804290,STEPHENS,59,60.8,43,67.2,0,-,16,48.5,48429,G4804290,48429,G4804290,STEPHENS,75,76.5,58,79.5,1,*,16,66.7,48429,G4804290,48429,G4804290,STEPHENS,77,68.8,50,70.4,2,*,25,64.1,48429,G4804290,48429,G4804290,STEPHENS,62,64.6,39,63.9,0,-,23,65.7,48429,G4804290,336,237,5,94
STERLING,9,*,7,*,0,-,2,*,0500000US48431,48431,G4804310,STERLING,5,*,4,*,0,-,1,*,48431,G4804310,48431,G4804310,STERLING,8,*,6,*,0,-,2,*,48431,G4804310,48431,G4804310,STERLING,10,*,4,*,0,-,6,*,48431,G4804310,48431,G4804310,STERLING,13,*,8,*,0,-,5,*,48431,G4804310,45,29,0,16
STONEWALL,10,*,8,*,0,-,2,*,0500000US48433,48433,G4804330,STONEWALL,8,*,7,*,0,-,1,*,48433,G4804330,48433,G4804330,STONEWALL,7,*,6,*,0,-,1,*,48433,G4804330,48433,G4804330,STONEWALL,9,*,9,*,0,-,0,-,48433,G4804330,48433,G4804330,STONEWALL,10,*,7,*,0,-,3,*,48433,G4804330,44,37,0,7
SUTTON,16,38.1,8,*,0,-,8,28.6,0500000US48435,48435,G4804350,SUTTON,27,48.2,10,*,0,-,17,44.7,48435,G4804350,48435,G4804350,SUTTON,26,48.1,13,*,0,-,13,37.1,48435,G4804350,48435,G4804350,SUTTON,33,56.9,11,*,1,*,21,55.3,48435,G4804350,48435,G4804350,SUTTON,32,60.4,18,78.3,0,-,14,46.7,48435,G4804350,134,60,1,73
SWISHER,58,51.3,25,75.8,1,*,32,42.7,0500000US48437,48437,G4804370,SWISHER,68,53.5,30,66.7,2,*,36,48,48437,G4804370,48437,G4804370,SWISHER,55,57.9,20,60.6,1,*,34,57.6,48437,G4804370,48437,G4804370,SWISHER,73,66.4,33,84.6,4,*,36,54.5,48437,G4804370,48437,G4804370,SWISHER,53,55.8,14,66.7,5,*,34,51.5,48437,G4804370,307,122,13,172
TARRANT,14413,52.1,8566,65.2,2041,46.8,3806,37.4,0500000US48439,48439,G4804390,TARRANT,15041,55.5,8772,67.3,2161,50.5,4108,42,48439,G4804390,48439,G4804390,TARRANT,15079,55.1,9074,68.7,2133,48.9,3872,39.4,48439,G4804390,48439,G4804390,TARRANT,15667,57.2,9092,69.5,2246,51.3,4329,43.6,48439,G4804390,48439,G4804390,TARRANT,16187,57.7,9043,68.6,2509,52.3,4635,46,48439,G4804390,76387,44547,11090,20750
TAYLOR,1310,66.4,908,70.2,98,60.9,304,58.5,0500000US48441,48441,G4804410,TAYLOR,1437,71.1,1017,77.3,95,56.5,325,60.6,48441,G4804410,48441,G4804410,TAYLOR,1465,71.7,998,75.7,88,57.9,379,66,48441,G4804410,48441,G4804410,TAYLOR,1342,67.3,928,72.3,94,62.3,320,57.1,48441,G4804410,48441,G4804410,TAYLOR,1378,65.2,963,68.8,79,54.1,336,58.9,48441,G4804410,6932,4814,454,1664
TERRELL,8,*,3,*,0,-,5,*,0500000US48443,48443,G4804430,TERRELL,7,*,4,*,0,-,3,*,48443,G4804430,48443,G4804430,TERRELL,8,*,4,*,0,-,4,*,48443,G4804430,48443,G4804430,TERRELL,2,*,1,*,0,-,1,*,48443,G4804430,48443,G4804430,TERRELL,12,*,6,*,0,-,6,*,48443,G4804430,37,18,0,19
TERRY,80,45.5,32,54.2,4,*,44,40.4,0500000US48445,48445,G4804450,TERRY,103,54.2,33,60,0,-,70,53,48445,G4804450,48445,G4804450,TERRY,97,49.2,41,55.4,1,*,55,45.1,48445,G4804450,48445,G4804450,TERRY,87,42.9,32,45.7,1,*,54,41.5,48445,G4804450,48445,G4804450,TERRY,100,48.1,40,53.3,1,*,59,45.4,48445,G4804450,467,178,7,282
THROCKMORTON,15,*,14,*,0,-,1,*,0500000US48447,48447,G4804470,THROCKMORTON,8,*,8,*,0,-,0,-,48447,G4804470,48447,G4804470,THROCKMORTON,12,*,12,*,0,-,0,-,48447,G4804470,48447,G4804470,THROCKMORTON,14,*,13,*,0,-,1,*,48447,G4804470,48447,G4804470,THROCKMORTON,10,*,10,*,0,-,0,-,48447,G4804470,59,57,0,2
TITUS,299,59.2,117,70.1,24,54.5,158,53.7,0500000US48449,48449,G4804490,TITUS,311,63.1,117,72.2,28,70,166,57,48449,G4804490,48449,G4804490,TITUS,256,51.1,118,67,16,47.1,122,41.9,48449,G4804490,48449,G4804490,TITUS,296,59.9,126,80.3,27,60,143,49,48449,G4804490,48449,G4804490,TITUS,234,43.7,111,57.2,17,39.5,106,35.5,48449,G4804490,1396,589,112,695
TOM GREEN,963,62.3,585,71.7,27,52.9,351,51.8,0500000US48451,48451,G4804510,TOM GREEN,905,59.4,569,68.8,34,57.6,302,47.4,48451,G4804510,48451,G4804510,TOM GREEN,937,63.1,578,71.5,18,58.1,341,52.7,48451,G4804510,48451,G4804510,TOM GREEN,1004,64.6,577,70.7,23,57.5,404,58,48451,G4804510,48451,G4804510,TOM GREEN,1089,65.8,630,72,22,47.8,437,59.5,48451,G4804510,4898,2939,124,1835
TRAVIS,10461,66.8,5834,82.8,773,64.2,3854,51.9,0500000US48453,48453,G4804530,TRAVIS,10641,68.9,5946,82.8,757,63.6,3938,55.7,48453,G4804530,48453,G4804530,TRAVIS,11285,71.7,6349,84.1,776,66.3,4160,59.3,48453,G4804530,48453,G4804530,TRAVIS,11545,73.9,6441,85.9,806,68.7,4298,61.8,48453,G4804530,48453,G4804530,TRAVIS,11893,73,6628,83.4,864,66.2,4401,62.5,48453,G4804530,55825,31198,3976,20651
TRINITY,115,65.3,85,68.5,11,*,19,59.4,0500000US48455,48455,G4804550,TRINITY,91,65.9,72,66.7,7,*,12,*,48455,G4804550,48455,G4804550,TRINITY,66,60,53,69.7,5,*,8,*,48455,G4804550,48455,G4804550,TRINITY,81,68.1,68,74.7,9,*,4,*,48455,G4804550,48455,G4804550,TRINITY,88,58.3,72,60,4,*,12,*,48455,G4804550,441,350,36,55
TYLER,136,61.3,115,63.5,14,51.9,7,*,0500000US48457,48457,G4804570,TYLER,130,63.1,117,64.6,7,*,6,*,48457,G4804570,48457,G4804570,TYLER,150,62.5,136,65.1,7,33.3,7,*,48457,G4804570,48457,G4804570,TYLER,132,61.4,116,61.4,12,*,4,*,48457,G4804570,48457,G4804570,TYLER,132,62.6,114,64.8,12,50,6,*,48457,G4804570,680,598,52,30
UPSHUR,261,52.7,213,53.7,25,56.8,23,42.6,0500000US48459,48459,G4804590,UPSHUR,266,56.6,226,60.1,16,41,24,43.6,48459,G4804590,48459,G4804590,UPSHUR,249,54.6,209,57.3,14,51.9,26,40.6,48459,G4804590,48459,G4804590,UPSHUR,245,50.2,214,54.3,16,42.1,15,26.8,48459,G4804590,48459,G4804590,UPSHUR,284,58.2,235,58.6,20,58.8,29,54.7,48459,G4804590,1305,1097,91,117
UPTON,31,81.6,18,85.7,0,-,13,*,0500000US48461,48461,G4804610,UPTON,32,61.5,16,66.7,0,-,16,57.1,48461,G4804610,48461,G4804610,UPTON,33,63.5,15,60,0,-,18,66.7,48461,G4804610,48461,G4804610,UPTON,43,74.1,23,74.2,0,-,20,74.1,48461,G4804610,48461,G4804610,UPTON,29,59.2,14,*,0,-,15,50,48461,G4804610,168,86,0,82
UVALDE,230,56.9,60,65.9,1,*,169,54.2,0500000US48463,48463,G4804630,UVALDE,239,61.8,52,66.7,4,*,183,60,48463,G4804630,48463,G4804630,UVALDE,233,63.5,70,72.2,1,*,162,60.2,48463,G4804630,48463,G4804630,UVALDE,276,66.5,61,65.6,1,*,214,66.7,48463,G4804630,48463,G4804630,UVALDE,252,62.7,63,67,0,-,189,61.6,48463,G4804630,1230,306,7,917
VAL VERDE,334,37.8,73,54.1,7,*,254,34.4,0500000US48465,48465,G4804650,VAL VERDE,296,34.7,57,42.9,5,*,234,33,48465,G4804650,48465,G4804650,VAL VERDE,344,40.3,74,54.8,5,*,265,37.3,48465,G4804650,48465,G4804650,VAL VERDE,310,35.4,76,55.5,3,*,231,31.6,48465,G4804650,48465,G4804650,VAL VERDE,325,37.8,75,53.2,3,*,247,34.9,48465,G4804650,1609,355,23,1231
VAN ZANDT,279,53.4,242,57.1,7,*,30,37.5,0500000US48467,48467,G4804670,VAN ZANDT,286,57.3,256,61.7,3,*,27,35.1,48467,G4804670,48467,G4804670,VAN ZANDT,302,54.5,274,57.7,1,*,27,36.5,48467,G4804670,48467,G4804670,VAN ZANDT,325,56.1,285,59.4,5,*,35,41.7,48467,G4804670,48467,G4804670,VAN ZANDT,315,57,265,60.8,4,*,46,46.5,48467,G4804670,1507,1322,20,165
VICTORIA,856,66.3,381,74,47,63.5,428,61,0500000US48469,48469,G4804690,VICTORIA,813,67.5,376,77.2,21,40.4,416,62.5,48469,G4804690,48469,G4804690,VICTORIA,852,70.2,413,77.6,31,62,408,64.6,48469,G4804690,48469,G4804690,VICTORIA,877,73,415,81.4,38,58.5,424,67.6,48469,G4804690,48469,G4804690,VICTORIA,951,73,431,81.8,33,68.8,487,67,48469,G4804690,4349,2016,170,2163
WALKER,418,68.9,238,70.4,78,65,102,68.5,0500000US48471,48471,G4804710,WALKER,423,71.2,255,74.8,80,66.7,88,66.2,48471,G4804710,48471,G4804710,WALKER,390,67.8,226,70,65,61.3,99,67.8,48471,G4804710,48471,G4804710,WALKER,387,62.2,218,63,66,55,103,66,48471,G4804710,48471,G4804710,WALKER,430,65.4,253,69.7,91,63.2,86,57.3,48471,G4804710,2048,1190,380,478
WALLER,349,60.1,132,66.3,67,54.5,150,57.9,0500000US48473,48473,G4804730,WALLER,290,55.8,134,71.3,41,40.2,115,50,48473,G4804730,48473,G4804730,WALLER,362,65.6,140,70,57,55.3,165,66.3,48473,G4804730,48473,G4804730,WALLER,405,71.2,170,79.8,53,66.3,182,65.9,48473,G4804730,48473,G4804730,WALLER,415,64.8,192,73.3,40,54.8,183,60,48473,G4804730,1821,768,258,795
WARD,105,77.2,49,80.3,9,*,47,74.6,0500000US48475,48475,G4804750,WARD,101,62,44,56.4,9,*,48,66.7,48475,G4804750,48475,G4804750,WARD,123,73.2,58,77.3,4,*,61,69.3,48475,G4804750,48475,G4804750,WARD,167,87.4,73,92.4,9,*,85,82.5,48475,G4804750,48475,G4804750,WARD,126,67.7,49,73.1,7,*,70,63.6,48475,G4804750,622,273,38,311
WASHINGTON,223,57.5,131,68.6,48,51.1,44,42.7,0500000US48477,48477,G4804770,WASHINGTON,231,58.6,141,74.2,43,53.1,47,38.2,48477,G4804770,48477,G4804770,WASHINGTON,205,57.3,128,67.4,29,50.9,48,43.2,48477,G4804770,48477,G4804770,WASHINGTON,199,54.7,123,65.1,35,44.3,41,42.7,48477,G4804770,48477,G4804770,WASHINGTON,236,60.7,155,72.4,41,56.9,40,38.8,48477,G4804770,1094,678,196,220
WEBB,3911,72,140,90.9,1,*,3770,71.4,0500000US48479,48479,G4804790,WEBB,4355,81.7,127,87.6,1,*,4227,81.5,48479,G4804790,48479,G4804790,WEBB,4146,77.7,141,87.6,6,*,3999,77.4,48479,G4804790,48479,G4804790,WEBB,3968,75.1,142,88.8,4,*,3822,74.6,48479,G4804790,48479,G4804790,WEBB,3391,68.5,85,82.5,1,*,3305,68.2,48479,G4804790,19771,635,13,19123
WHARTON,284,54.9,127,71.3,30,43.5,127,47,0500000US48481,48481,G4804810,WHARTON,300,56.9,137,74.9,36,52.2,127,46.2,48481,G4804810,48481,G4804810,WHARTON,319,61.6,141,80.1,31,44.3,147,54,48481,G4804810,48481,G4804810,WHARTON,278,53.8,130,72.6,38,50,110,42,48481,G4804810,48481,G4804810,WHARTON,340,62.4,137,75.3,43,61.4,160,54.6,48481,G4804810,1521,672,178,671
WHEELER,42,55.3,29,65.9,0,-,13,43.3,0500000US48483,48483,G4804830,WHEELER,38,63.3,26,61.9,1,*,11,*,48483,G4804830,48483,G4804830,WHEELER,43,59.7,24,61.5,1,*,18,60,48483,G4804830,48483,G4804830,WHEELER,46,63,29,69,0,-,17,54.8,48483,G4804830,48483,G4804830,WHEELER,50,52.6,28,53.8,1,*,21,52.5,48483,G4804830,219,136,3,80
WICHITA,1354,75.9,977,80.1,129,66.2,248,67,0500000US48485,48485,G4804850,WICHITA,1403,76.5,1000,81,139,67.1,264,67.3,48485,G4804850,48485,G4804850,WICHITA,1386,78.6,999,83.5,114,71.3,273,67.2,48485,G4804850,48485,G4804850,WICHITA,1319,75.1,893,78.3,127,69,299,69.1,48485,G4804850,48485,G4804850,WICHITA,1371,76.1,973,79.5,114,68.7,284,68.9,48485,G4804850,6833,4842,623,1368
WILBARGER,125,69.1,75,74.3,8,*,42,62.7,0500000US48487,48487,G4804870,WILBARGER,122,70.9,80,75.5,8,*,34,65.4,48487,G4804870,48487,G4804870,WILBARGER,122,71.8,69,72.6,6,*,47,71.2,48487,G4804870,48487,G4804870,WILBARGER,123,77.8,81,87.1,2,*,40,67.8,48487,G4804870,48487,G4804870,WILBARGER,97,64.2,63,74.1,6,*,28,53.8,48487,G4804870,589,368,30,191
WILLACY,193,54.8,5,*,0,-,188,55.8,0500000US48489,48489,G4804890,WILLACY,173,59.2,8,*,0,-,165,59.1,48489,G4804890,48489,G4804890,WILLACY,181,57.1,5,*,1,*,175,56.6,48489,G4804890,48489,G4804890,WILLACY,196,64.7,5,*,0,-,191,65.9,48489,G4804890,48489,G4804890,WILLACY,180,63.2,9,*,0,-,171,62.4,48489,G4804890,923,32,1,890
WILLIAMSON,4658,78,3262,82.7,215,69.4,1181,68.7,0500000US48491,48491,G4804910,WILLIAMSON,4658,79.3,3254,83.2,224,71.3,1180,71.4,48491,G4804910,48491,G4804910,WILLIAMSON,4868,81.4,3432,85.7,214,71.6,1222,73,48491,G4804910,48491,G4804910,WILLIAMSON,4646,79.6,3288,83.9,224,71.6,1134,70.6,48491,G4804910,48491,G4804910,WILLIAMSON,5000,80.8,3475,84.3,269,70.6,1256,74.6,48491,G4804910,23830,16711,1146,5973
WILSON,255,70.8,141,77,0,-,114,65.5,0500000US48493,48493,G4804930,WILSON,298,71.3,172,74.8,4,*,122,66.7,48493,G4804930,48493,G4804930,WILSON,316,69.9,199,74.8,0,-,117,63.6,48493,G4804930,48493,G4804930,WILSON,321,65.4,209,70.6,3,*,109,57.7,48493,G4804930,48493,G4804930,WILSON,271,56.8,177,63.9,2,*,92,47.2,48493,G4804930,1461,898,9,554
WINKLER,65,63.1,25,67.6,1,*,39,60,0500000US48495,48495,G4804950,WINKLER,68,63.6,19,67.9,1,*,48,61.5,48495,G4804950,48495,G4804950,WINKLER,82,62.1,31,72.1,1,*,50,57.5,48495,G4804950,48495,G4804950,WINKLER,102,78.5,33,82.5,2,*,67,76.1,48495,G4804950,48495,G4804950,WINKLER,88,65.7,34,72.3,2,*,52,61.2,48495,G4804950,405,142,7,256
WISE,445,58.1,358,64,3,*,84,41.6,0500000US48497,48497,G4804970,WISE,423,61.8,334,66.4,2,*,87,49.4,48497,G4804970,48497,G4804970,WISE,443,60.4,354,66.7,2,*,87,44.4,48497,G4804970,48497,G4804970,WISE,465,60.2,374,65.4,1,*,90,45.2,48497,G4804970,48497,G4804970,WISE,427,57.1,346,63.5,4,*,77,39.3,48497,G4804970,2203,1766,12,425
WOOD,225,56.4,201,61.3,4,*,20,31.7,0500000US48499,48499,G4804990,WOOD,234,64.1,203,67.9,5,*,26,44.1,48499,G4804990,48499,G4804990,WOOD,239,60.7,202,65.4,2,*,35,46.7,48499,G4804990,48499,G4804990,WOOD,233,58.4,197,59.9,8,*,28,46.7,48499,G4804990,48499,G4804990,WOOD,217,52.4,182,55.3,4,*,31,43.7,48499,G4804990,1148,985,23,140
YOAKUM,72,57.6,25,64.1,1,*,46,54.8,0500000US48501,48501,G4805010,YOAKUM,81,60.9,24,61.5,1,*,56,60.2,48501,G4805010,48501,G4805010,YOAKUM,71,56.8,23,57.5,0,-,48,56.5,48501,G4805010,48501,G4805010,YOAKUM,115,60.2,35,66,1,*,79,58.1,48501,G4805010,48501,G4805010,YOAKUM,70,48.3,14,51.9,1,*,55,47.8,48501,G4805010,409,121,4,284
YOUNG,155,68.3,126,76.4,1,*,28,45.9,0500000US48503,48503,G4805030,YOUNG,154,71,124,77.5,2,*,28,50.9,48503,G4805030,48503,G4805030,YOUNG,184,75.1,146,81.1,2,*,36,57.1,48503,G4805030,48503,G4805030,YOUNG,159,71,129,75.9,0,-,30,56.6,48503,G4805030,48503,G4805030,YOUNG,157,68.3,121,72.9,0,-,36,57.1,48503,G4805030,809,646,5,158
ZAPATA,245,74,9,*,0,-,236,73.8,0500000US48505,48505,G4805050,ZAPATA,244,85,6,*,0,-,238,85.3,48505,G4805050,48505,G4805050,ZAPATA,217,78.9,7,*,0,-,210,78.4,48505,G4805050,48505,G4805050,ZAPATA,208,80.6,5,*,0,-,203,80.6,48505,G4805050,48505,G4805050,ZAPATA,178,66.7,2,*,0,-,176,66.7,48505,G4805050,1092,29,0,1063
ZAVALA,107,53.5,5,*,0,-,102,54.5,0500000US48507,48507,G4805070,ZAVALA,125,64.8,5,*,0,-,120,65.2,48507,G4805070,48507,G4805070,ZAVALA,139,66.5,6,*,0,-,133,67.5,48507,G4805070,48507,G4805070,ZAVALA,139,69.2,8,*,0,-,131,68.6,48507,G4805070,48507,G4805070,ZAVALA,126,64.9,11,*,0,-,115,63.9,48507,G4805070,636,35,0,601
