county,births_2010,deaths_2010,rate_2010,geo,births_2011,deaths_2011,rate_2011,births_2012,deaths_2012,rate_2012,births_2013,deaths_2013,rate_2013,births_2014,deaths_2014,rate_2014,race_female_total_2010,race_female_white_2010,race_female_black_2010,race_female_hispanic_2010,race_female_other_2010,race_female_total_2011,race_female_white_2011,race_female_black_2011,race_female_hispanic_2011,race_female_other_2011,race_female_total_2012,race_female_white_2012,race_female_black_2012,race_female_hispanic_2012,race_female_other_2012,race_female_total_2013,race_female_white_2013,race_female_black_2013,race_female_hispanic_2013,race_female_other_2013,race_female_total_2014,race_female_white_2014,race_female_black_2014,race_female_hispanic_2014,race_female_other_2014,births_2010_2014,deaths_2010_2014,rate_2010_2014,race_female_total_2010_2014,race_female_white_2010_2014,race_female_white_perc_2010_2014,race_female_black_2010_2014,race_female_black_perc_2010_2014,race_female_hispanic_2010_2014,race_female_hispanic_perc_2010_2014,race_female_other_2010_2014,race_female_other_perc_2010_2014,prenatal_percent_2010_2014,Border Status,geo_two,GISJOIN
ANDERSON,581,0,- ,0500000US48001,611,1,1.6,564,0,- ,587,0,- ,571,0,-,22937,16224,3485,2924,304,23078,16063,3363,3039,613,23218,16107,3374,3118,619,23184,15925,3378,3211,670,22937,16224,3485,2924,304,2914,1,34.32,115354,80543,69.82,17085,14.81,15216,13.19,2510,2.18,62.2,Non-Border,48001,G4800010
ANDREWS,252,0,- ,0500000US48003,265,0,-,317,0,- ,331,0,- ,344,0,-,7418,3663,112,3540,103,7674,3703,98,3712,161,8032,3845,106,3916,165,8247,3880,105,4086,176,7418,3663,112,3540,103,1509,0,0,38789,18754,48.35,533,1.37,18794,48.45,708,1.83,66.3,Non-Border,48003,G4800030
ANGELINA,1190,1,0.8,0500000US48005,1234,2,1.6,1193,1,0.8,1240,1,0.8,1174,3,2.6,44256,28381,6984,8246,645,44927,28349,6899,8613,1066,45215,28391,6949,8794,1081,45604,28265,7003,9167,1169,44256,28381,6984,8246,645,6031,8,132.65,224258,141767,63.22,34819,15.53,43066,19.20,4606,2.05,61.5,Non-Border,48005,G4800050
ARANSAS,268,0,- ,0500000US48007,230,0,-,241,1,4.1,265,1,3.8,274,0,-,11673,8408,128,2812,325,11770,8331,106,2892,441,12042,8470,109,3002,461,12331,8659,113,3093,466,11673,8408,128,2812,325,1278,2,156.49,59489,42276,71.07,584,0.98,14611,24.56,2018,3.39,58.4,Non-Border,48007,G4800070
ARCHER,74,0,- ,0500000US48009,62,0,-,75,0,- ,68,0,- ,84,0,-,4491,4120,18,303,50,4423,4013,13,307,90,4469,4047,14,316,92,4619,4171,10,342,96,4491,4120,18,303,50,363,0,0,22493,20471,91.01,73,0.32,1571,6.98,378,1.68,82,Non-Border,48009,G4800090
ARMSTRONG,27,0,- ,0500000US48011,12,0,-,30,0,- ,26,0,- ,13,0,-,973,892,5,63,13,992,898,5,65,24,995,898,5,67,25,983,892,5,62,24,973,892,5,63,13,108,0,0,4916,4472,90.97,25,0.51,320,6.51,99,2.01,78.1,Non-Border,48011,G4800110
ATASCOSA,641,0,- ,0500000US48013,634,1,1.6,644,0,- ,642,0,- ,707,0,-,22781,8502,130,13975,174,23512,8565,120,14524,303,23835,8641,120,14766,308,23951,8615,111,14916,309,22781,8502,130,13975,174,3268,1,30.60,116860,42825,36.65,611,0.52,72156,61.75,1268,1.09,68,Non-Border,48013,G4800130
AUSTIN,366,0,- ,0500000US48015,335,0,-,348,0,- ,330,0,- ,363,0,-,14344,9590,1386,3212,156,14450,9474,1347,3357,272,14530,9478,1349,3429,274,14770,9467,1391,3622,290,14344,9590,1386,3212,156,1742,0,0,72438,47599,65.71,6859,9.47,16832,23.24,1148,1.58,57.8,Non-Border,48015,G4800150
BAILEY,110,0,- ,0500000US48017,132,0,-,116,0,- ,112,0,- ,109,1,9.2,3544,1442,25,2056,21,3590,1403,29,2121,37,3614,1407,28,2141,38,3518,1334,24,2122,38,3544,1442,25,2056,21,579,1,172.71,17810,7028,39.46,131,0.74,10496,58.93,155,0.87,44.7,Non-Border,48017,G4800170
BANDERA,181,1,5.5,0500000US48019,159,0,-,164,0,- ,158,0,- ,158,0,-,10313,8478,45,1676,114,10417,8429,40,1731,217,10460,8449,41,1751,219,10574,8505,30,1810,229,10313,8478,45,1676,114,820,1,121.95,52077,42339,81.30,201,0.39,8644,16.60,893,1.71,59.7,Non-Border,48019,G4800190
BASTROP,847,0,- ,0500000US48021,820,0,-,844,0,- ,979,0,- ,1041,2,1.9,36174,21533,2774,11357,510,37028,21336,2634,12004,1054,37661,21580,2666,12339,1076,38665,21703,2707,13103,1152,36174,21533,2774,11357,510,4531,2,44.14,185702,107685,57.99,13555,7.30,60160,32.40,4302,2.32,71,Non-Border,48021,G4800210
BAYLOR,40,0,- ,0500000US48023,32,0,-,48,0,- ,30,0,- ,43,0,-,1931,1636,36,247,12,1929,1615,37,245,32,1930,1614,38,245,33,1882,1562,34,253,33,1931,1636,36,247,12,193,0,0,9603,8063,83.96,181,1.88,1237,12.88,122,1.27,82,Non-Border,48023,G4800230
BEE,349,0,- ,0500000US48025,384,0,-,360,0,- ,395,0,- ,416,0,-,12798,4359,216,8089,134,13003,4309,196,8258,240,13084,4308,198,8336,242,13013,4266,197,8306,244,12798,4359,216,8089,134,1904,0,0,64696,21601,33.39,1023,1.58,41078,63.49,994,1.54,67,Non-Border,48025,G4800250
BELL,6544,0,- ,0500000US48027,6217,0,-,6215,2,0.3,6358,3,0.5,6225,2,0.3,156771,80817,34483,33436,8035,160523,79938,32461,34897,13227,163098,80940,33024,35641,13493,164813,80681,33149,36833,14150,156771,80817,34483,33436,8035,31559,7,22.18,801976,403193,50.27,167600,20.90,174243,21.73,56940,7.10,72,Non-Border,48027,G4800270
BEXAR,26074,10,0.4,0500000US48029,25819,6,0.2,26277,10,0.4,26804,11,0.4,27781,11,0.4,873933,267130,63715,515764,27324,894653,262463,60987,531841,39362,908861,264901,61833,541945,40182,920689,260460,62739,554345,43145,873933,267130,63715,515764,27324,132755,48,36.16,4472069,1322084,29.56,312989,7.00,2659659,59.47,177337,3.97,72,Non-Border,48029,G4800290
BLANCO,96,0,- ,0500000US48031,100,0,-,90,0,- ,67,0,- ,102,0,-,5197,4221,23,880,73,5271,4240,20,907,104,5336,4281,20,930,105,5218,4178,19,921,100,5197,4221,23,880,73,455,0,0,26219,21141,80.63,105,0.40,4518,17.23,455,1.74,59,Non-Border,48031,G4800310
BORDEN,5,0,- ,0500000US48033,4,0,-,6,0,- ,10,0,- ,6,0,-,306,261,0,42,3,310,264,0,39,7,310,263,0,40,7,312,263,0,45,4,306,261,0,42,3,31,0,0,1544,1312,84.97,0,0.00,208,13.47,24,1.55,68,Non-Border,48033,G4800330
BOSQUE,199,0,- ,0500000US48035,175,0,-,185,0,- ,200,0,- ,167,0,-,9159,7561,158,1371,69,9204,7500,120,1423,161,9271,7524,122,1460,165,9231,7447,124,1489,171,9159,7561,158,1371,69,926,0,0,46024,37593,81.68,682,1.48,7114,15.46,635,1.38,59,Non-Border,48035,G4800350
BOWIE,1174,0,- ,0500000US48037,1222,1,0.8,1256,0,- ,1184,1,0.8,1217,1,0.8,45807,31469,11367,2170,801,46117,31127,11162,2288,1540,46364,31161,11301,2346,1556,46509,30955,11435,2452,1667,45807,31469,11367,2170,801,6053,3,49.56,230604,156181,67.73,56632,24.56,11426,4.95,6365,2.76,57,Non-Border,48037,G4800370
BRAZORIA,4898,1,0.2,0500000US48039,4377,3,0.7,4610,1,0.2,4675,5,1.1,4783,2,0.4,154166,84133,18353,41797,9883,157691,83231,18253,43544,12663,159970,84082,18497,44467,12924,163589,83163,19752,46677,13997,154166,84133,18353,41797,9883,23343,12,51.41,789582,418742,53.03,93208,11.80,218282,27.65,59350,7.52,66,Non-Border,48039,G4800390
BRAZOS,2711,1,0.4,0500000US48041,2564,0,-,2596,1,0.4,2635,0,- ,2829,0,-,96221,58010,11292,21876,5043,97864,57569,11014,22813,6468,99414,58274,11181,23362,6597,100146,57308,11296,24580,6962,96221,58010,11292,21876,5043,13335,2,15.00,489866,289171,59.03,56075,11.45,114507,23.38,30113,6.15,66,Non-Border,48041,G4800410
BREWSTER,129,0,- ,0500000US48043,108,0,-,114,0,- ,115,0,- ,104,0,-,4596,2533,19,1979,65,4633,2501,20,1996,116,4651,2496,20,2018,117,4593,2466,14,1997,116,4596,2533,19,1979,65,570,0,0,23069,12529,54.31,92,0.40,9969,43.21,479,2.08,70,Border,48043,G4800430
BRISCOE,14,0,- ,0500000US48045,22,0,-,9,0,- ,12,0,- ,11,0,-,822,599,23,200,0,834,591,22,209,12,839,590,22,215,12,763,545,17,191,10,822,599,23,200,0,68,0,0,4080,2924,71.67,107,2.62,1015,24.88,34,0.83,54,Non-Border,48045,G4800450
BROOKS,124,0,- ,0500000US48047,150,0,-,112,0,- ,135,0,- ,116,0,-,3644,301,8,3317,18,3658,295,10,3330,23,3675,292,10,3349,24,3652,297,5,3329,21,3644,301,8,3317,18,637,0,0,18273,1486,8.13,41,0.22,16642,91.07,104,0.57,52.4,Border,48047,G4800470
BROWN,410,2,4.9,0500000US48049,425,0,-,422,0,- ,418,0,- ,425,0,-,19268,14691,674,3689,214,19366,14526,596,3796,448,19582,14647,604,3875,456,19557,14488,613,3987,469,19268,14691,674,3689,214,2100,2,95.24,97041,73043,75.27,3161,3.26,19036,19.62,1801,1.86,76,Non-Border,48049,G4800490
BURLESON,192,0,- ,0500000US48051,189,0,-,200,0,- ,177,2,11.3,210,0,-,8683,6002,1105,1505,71,8819,6027,1088,1566,138,8930,6085,1101,1605,139,8821,5964,1088,1644,125,8683,6002,1105,1505,71,968,2,206.61,43936,30080,68.46,5487,12.49,7825,17.81,544,1.24,61,Non-Border,48051,G4800510
BURNET,468,0,- ,0500000US48053,465,0,-,449,0,- ,477,0,- ,454,0,-,21761,16948,405,4171,237,22053,16895,339,4344,475,22333,17037,344,4464,488,22631,17152,343,4635,501,21761,16948,405,4171,237,2313,0,0,110539,84980,76.88,1836,1.66,21785,19.71,1938,1.75,66,Non-Border,48053,G4800530
CALDWELL,488,0,- ,0500000US48055,479,1,2.1,466,0,- ,461,0,- ,513,0,-,18886,8496,1262,8886,242,19137,8376,1209,9123,429,19334,8413,1209,9277,435,19514,8386,1201,9493,434,18886,8496,1262,8886,242,2407,1,41.55,95757,42167,44.04,6143,6.42,45665,47.69,1782,1.86,61,Non-Border,48055,G4800550
CALHOUN,299,0,- ,0500000US48057,276,0,-,261,0,- ,307,0,- ,304,1,3.3,10534,4913,273,4896,452,10590,4800,253,5012,525,10727,4830,254,5111,532,10740,4717,258,5218,547,10534,4913,273,4896,452,1447,1,69.11,53125,24173,45.50,1311,2.47,25133,47.31,2508,4.72,69,Non-Border,48057,G4800570
CALLAHAN,121,0,- ,0500000US48059,113,0,-,137,0,- ,128,0,- ,162,1,6.2,6937,6271,93,497,76,6920,6171,66,508,175,6977,6207,67,526,177,7304,6500,66,552,186,6937,6271,93,497,76,661,1,151.29,35075,31420,89.58,385,1.10,2580,7.36,690,1.97,69,Non-Border,48059,G4800590
CAMERON,7849,1,0.1,0500000US48061,7561,2,0.3,7358,1,0.1,7380,3,0.4,7253,1,0.1,210826,21738,558,186887,1643,214781,21239,500,190994,2048,216301,21011,500,192735,2055,217676,20499,504,194496,2177,210826,21738,558,186887,1643,37401,8,21.39,1070410,106225,9.92,2620,0.24,951999,88.94,9566,0.89,74,Border,48061,G4800610
CAMP,199,0,- ,0500000US48063,150,0,-,189,0,- ,208,0,- ,219,0,-,6315,3813,1208,1231,63,6341,3769,1137,1271,164,6390,3772,1152,1301,165,6396,3742,1139,1339,176,6315,3813,1208,1231,63,965,0,0,31757,18909,59.54,5844,18.40,6373,20.07,631,1.99,59.4,Non-Border,48063,G4800630
CARSON,62,0,- ,0500000US48065,65,0,-,65,0,- ,52,0,- ,69,0,-,3140,2808,19,272,41,3181,2814,17,283,67,3197,2825,17,288,67,3097,2740,19,272,66,3140,2808,19,272,41,313,0,0,15755,13995,88.83,91,0.58,1387,8.80,282,1.79,74.9,Non-Border,48065,G4800650
CASS,384,0,- ,0500000US48067,319,0,-,348,0,- ,369,0,- ,361,0,-,15687,12111,2899,503,174,15632,11966,2818,519,329,15668,11983,2819,527,339,15781,12063,2803,572,343,15687,12111,2899,503,174,1781,0,0,78455,60234,76.78,14238,18.15,2624,3.34,1359,1.73,55,Non-Border,48067,G4800670
CASTRO,130,0,- ,0500000US48069,137,0,-,138,0,- ,118,0,- ,117,0,-,3978,1518,75,2353,32,4017,1496,79,2403,39,4051,1487,80,2444,40,3949,1428,72,2403,46,3978,1518,75,2353,32,640,0,0,19973,7447,37.29,381,1.91,11956,59.86,189,0.95,56,Non-Border,48069,G4800690
CHAMBERS,481,1,2.1,0500000US48071,449,1,2.2,459,0,- ,461,0,- ,475,0,-,17435,12534,1465,3181,255,17878,12593,1432,3386,467,18252,12830,1455,3490,477,18320,12662,1462,3702,494,17435,12534,1465,3181,255,2325,2,86.02,89320,63153,70.70,7279,8.15,16940,18.97,1948,2.18,64.2,Non-Border,48071,G4800710
CHEROKEE,758,0,- ,0500000US48073,714,0,-,722,0,- ,772,1,1.3,742,0,-,24995,16479,3615,4673,228,25193,16268,3446,4892,587,25415,16324,3477,5019,595,25715,16318,3474,5289,634,24995,16479,3615,4673,228,3708,1,26.97,126313,81868,64.81,17627,13.96,24546,19.43,2272,1.80,54,Non-Border,48073,G4800730
CHILDRESS,83,0,- ,0500000US48075,85,0,-,69,1,14.5,70,0,- ,82,0,-,2920,2125,138,623,34,2927,2088,131,641,67,2918,2062,131,657,68,2918,2055,129,656,78,2920,2125,138,623,34,389,1,257.07,14603,10455,71.59,667,4.57,3200,21.91,281,1.92,62.8,Non-Border,48075,G4800750
CLAY,97,0,- ,0500000US48077,73,0,-,95,0,- ,101,0,- ,82,0,-,5469,5120,21,251,77,5491,5055,26,253,157,5518,5080,26,254,158,5521,5079,21,262,159,5469,5120,21,251,77,448,0,0,27468,25454,92.67,115,0.42,1271,4.63,628,2.29,77,Non-Border,48077,G4800770
COCHRAN,53,0,- ,0500000US48079,55,0,-,49,0,- ,41,0,- ,46,0,-,1592,686,60,834,12,1575,667,56,832,20,1578,663,55,840,20,1533,632,64,814,23,1592,686,60,834,12,244,0,0,7870,3334,42.36,295,3.75,4154,52.78,87,1.11,51.3,Non-Border,48079,G4800790
COKE,26,0,- ,0500000US48081,28,0,-,29,0,- ,30,0,- ,30,1,33.3,1694,1391,2,290,11,1685,1365,3,289,28,1705,1369,3,304,29,1662,1325,2,307,28,1694,1391,2,290,11,143,1,699.30,8440,6841,81.05,12,0.14,1480,17.54,107,1.27,59,Non-Border,48081,G4800810
COLEMAN,101,0,- ,0500000US48083,96,0,-,97,0,- ,87,0,- ,83,0,-,4479,3617,96,722,44,4488,3578,94,738,78,4532,3605,95,754,78,4356,3442,89,741,84,4479,3617,96,722,44,464,0,0,22334,17859,79.96,470,2.10,3677,16.46,328,1.47,61.6,Non-Border,48083,G4800830
COLLIN,10581,0,- ,0500000US48085,10375,2,0.2,10342,0,- ,10596,2,0.2,10886,1,0.1,397978,255920,36745,56812,48501,413452,256512,36583,60914,59443,420900,260388,37306,62395,60811,434988,261208,40150,68010,65620,397978,255920,36745,56812,48501,52780,5,9.47,2065296,1289948,62.46,187529,9.08,304943,14.77,282876,13.70,74,Non-Border,48085,G4800850
COLLINGSWORTH,57,0,- ,0500000US48087,54,0,-,41,0,- ,43,0,- ,31,0,-,1559,997,70,464,28,1560,975,72,474,39,1573,975,73,487,38,1504,912,67,480,45,1559,997,70,464,28,226,0,0,7755,4856,62.62,352,4.54,2369,30.55,178,2.30,54.1,Non-Border,48087,G4800870
COLORADO,267,0,- ,0500000US48089,241,0,-,237,0,- ,246,0,- ,268,0,-,10527,6403,1427,2621,76,10535,6308,1380,2697,150,10595,6291,1388,2764,152,10776,6313,1419,2875,169,10527,6403,1427,2621,76,1259,0,0,52960,31718,59.89,7041,13.29,13578,25.64,623,1.18,61.6,Non-Border,48089,G4800890
COMAL,1233,0,- ,0500000US48091,1258,0,-,1309,0,- ,1363,0,- ,1447,0,-,55218,39810,877,13742,789,57119,40563,790,14337,1429,58579,41463,811,14836,1469,60135,42406,851,15275,1603,55218,39810,877,13742,789,6610,0,0,286269,204052,71.28,4206,1.47,71932,25.13,6079,2.12,60.6,Non-Border,48091,G4800910
COMANCHE,170,0,- ,0500000US48093,169,0,-,155,0,- ,152,0,- ,138,0,-,7089,5275,14,1740,60,7094,5182,13,1788,111,7128,5180,13,1826,109,7080,5102,13,1852,113,7089,5275,14,1740,60,784,0,0,35480,26014,73.32,67,0.19,8946,25.21,453,1.28,61,Non-Border,48093,G4800930
CONCHO,27,0,- ,0500000US48095,35,0,-,23,0,- ,19,0,- ,25,0,-,1294,888,4,390,12,1290,878,5,390,17,1283,869,5,392,17,1288,870,5,397,16,1294,888,4,390,12,129,0,0,6449,4393,68.12,23,0.36,1959,30.38,74,1.15,59.1,Non-Border,48095,G4800950
COOKE,512,0,- ,0500000US48097,487,0,-,564,0,- ,527,0,- ,561,1,1.8,19381,15635,578,2811,357,19497,15423,466,2928,680,19655,15493,471,3003,688,19771,15463,479,3128,701,19381,15635,578,2811,357,2651,1,37.72,97685,77649,79.49,2572,2.63,14681,15.03,2783,2.85,59,Non-Border,48097,G4800970
CORYELL,1042,0,- ,0500000US48099,1031,1,1,918,0,- ,1066,0,- ,1064,1,0.9,38496,24315,6619,5915,1647,38933,23879,5994,6148,2912,39506,24210,6066,6267,2963,39256,23770,5950,6491,3045,38496,24315,6619,5915,1647,5121,2,39.05,194687,120489,61.89,31248,16.05,30736,15.79,12214,6.27,73,Non-Border,48099,G4800990
COTTLE,19,0,- ,0500000US48101,16,0,-,9,0,- ,15,0,- ,18,0,-,792,551,74,165,2,807,560,73,171,3,806,556,75,172,3,778,539,63,170,6,792,551,74,165,2,77,0,0,3975,2757,69.36,359,9.03,843,21.21,16,0.40,66,Non-Border,48101,G4801010
CRANE,62,0,- ,0500000US48103,60,0,-,81,0,- ,81,0,- ,78,0,-,2230,933,60,1207,30,2243,909,59,1234,41,2293,920,61,1271,41,2408,958,67,1339,44,2230,933,60,1207,30,362,0,0,11404,4653,40.80,307,2.69,6258,54.88,186,1.63,81.9,Non-Border,48103,G4801030
CROCKETT,64,0,- ,0500000US48105,63,0,-,54,0,- ,50,0,- ,62,0,-,1888,666,4,1208,10,1893,657,6,1213,17,1907,662,6,1222,17,1900,653,3,1227,17,1888,666,4,1208,10,293,0,0,9476,3304,34.87,23,0.24,6078,64.14,71,0.75,51,Border,48105,G4801050
CROSBY,90,0,- ,0500000US48107,74,1,13.5,71,0,- ,65,0,- ,90,0,-,3142,1392,111,1624,15,3148,1351,104,1662,31,3156,1336,103,1686,31,3092,1285,99,1678,30,3142,1392,111,1624,15,390,1,256.41,15680,6756,43.09,528,3.37,8274,52.77,122,0.78,59.1,Non-Border,48107,G4801070
CULBERSON,28,0,- ,0500000US48109,26,0,-,30,0,- ,32,0,- ,27,0,-,1231,251,3,961,16,1219,232,2,958,27,1233,235,2,969,27,1222,237,3,959,23,1231,251,3,961,16,143,0,0,6136,1206,19.65,13,0.21,4808,78.36,109,1.78,60,Border,48109,G4801090
DALLAM,139,0,- ,0500000US48111,136,0,-,147,0,- ,141,0,- ,127,2,15.7,3221,1858,40,1276,47,3303,1850,40,1328,85,3399,1899,41,1375,84,3327,1828,40,1378,81,3221,1858,40,1276,47,690,2,289.86,16471,9293,56.42,201,1.22,6633,40.27,344,2.09,62.7,Non-Border,48111,G4801110
DALLAS,39712,9,0.2,0500000US48113,38687,10,0.3,38769,13,0.3,38696,22,0.6,39791,14,0.4,1197137,407769,286022,435884,67462,1214103,392626,284136,453266,84075,1225727,392344,286253,461763,85367,1238272,376850,291432,479548,90442,1197137,407769,286022,435884,67462,195655,68,34.76,6072376,1977358,32.56,1433865,23.61,2266345,37.32,394808,6.50,60,Non-Border,48113,G4801130
DAWSON,188,0,- ,0500000US48115,180,0,-,190,0,- ,189,0,- ,166,1,6.0,6018,2453,256,3269,40,6022,2412,218,3314,78,6036,2402,214,3342,78,6010,2339,223,3364,84,6018,2453,256,3269,40,913,1,109.53,30104,12059,40.06,1167,3.88,16558,55.00,320,1.06,61,Non-Border,48115,G4801150
DEAF SMITH,333,0,- ,0500000US48117,349,1,2.9,355,0,- ,337,1,3.0,322,0,-,9720,3120,92,6429,79,9818,3045,85,6556,132,9862,3014,86,6631,131,9643,2848,75,6590,130,9720,3120,92,6429,79,1696,2,117.92,48763,15147,31.06,430,0.88,32635,66.93,551,1.13,58,Non-Border,48117,G4801170
DELTA,61,0,- ,0500000US48119,58,0,-,61,0,- ,57,0,- ,72,0,-,2668,2269,217,120,62,2683,2224,209,122,128,2730,2255,215,127,133,2683,2239,203,122,119,2668,2269,217,120,62,309,0,0,13432,11256,83.80,1061,7.90,611,4.55,504,3.75,71,Non-Border,48119,G4801190
DENTON,8994,2,0.2,0500000US48121,9201,0,-,9330,1,0.1,9562,4,0.4,9872,1,0.1,336654,220546,30674,59790,25644,348523,220979,29954,64010,33580,357546,226034,30758,66166,34588,366163,224722,32339,71529,37573,336654,220546,30674,59790,25644,46959,8,17.04,1745540,1112827,63.75,154399,8.85,321285,18.41,157029,9.00,69,Non-Border,48121,G4801210
DEWITT,230,0,- ,0500000US48123,224,0,-,,,,,,,,,,9650,5786,794,2964,106,9865,5835,749,3092,189,,,,,,9828,5653,758,3221,196,9650,5786,794,2964,106,454,0,0,38993,23060,59.14,3095,7.94,12241,31.39,597,1.53,68,Non-Border,48123,G4801230
DICKENS,21,0,- ,0500000US48125,23,0,-,18,0,- ,25,0,- ,15,0,-,1061,772,14,260,15,1063,768,13,261,21,1076,774,14,267,21,1008,718,13,257,20,1061,772,14,260,15,102,0,0,5269,3804,72.20,68,1.29,1305,24.77,92,1.75,46.5,Non-Border,48125,G4801250
DIMMIT,133,0,- ,0500000US48127,171,0,-,196,0,- ,195,0,- ,190,0,-,5157,603,37,4478,39,5383,615,38,4681,49,5466,624,38,4755,49,5658,647,40,4921,50,5157,603,37,4478,39,885,0,0,26821,3092,11.53,190,0.71,23313,86.92,226,0.84,69,Border,48127,G4801270
DONLEY,35,0,- ,0500000US48129,26,0,-,39,0,- ,34,0,- ,28,0,-,1852,1589,94,152,17,1858,1569,92,152,45,1876,1580,93,158,45,1829,1530,97,160,42,1852,1589,94,152,17,162,0,0,9267,7857,84.78,470,5.07,774,8.35,166,1.79,56,Non-Border,48129,G4801290
DUVAL,168,0,- ,0500000US48131,184,0,-,177,0,- ,154,0,- ,193,0,-,5705,529,5,5145,26,5709,516,4,5153,36,5795,517,4,5238,36,5618,503,6,5075,34,5705,529,5,5145,26,876,0,0,28532,2594,9.09,24,0.08,25756,90.27,158,0.55,58.5,Border,48131,G4801310
EASTLAND,221,0,- ,0500000US48133,209,0,-,160,0,- ,209,0,- ,218,0,-,9512,7984,152,1293,83,9483,7859,132,1330,162,9509,7866,132,1348,163,9566,7860,138,1399,169,9512,7984,152,1293,83,1017,0,0,47582,39553,83.13,706,1.48,6663,14.00,660,1.39,62,Non-Border,48133,G4801330
ECTOR,2435,1,0.4,0500000US48135,2447,0,-,2755,1,0.4,2915,1,0.3,3161,0,-,69444,29084,3027,36374,959,70453,28481,2853,37587,1532,72380,28964,2913,38928,1575,75374,29224,3047,41432,1671,69444,29084,3027,36374,959,13713,3,21.88,357095,144837,40.56,14867,4.16,190695,53.40,6696,1.88,81,Non-Border,48135,G4801350
EDWARDS,26,0,- ,0500000US48137,30,0,-,20,0,- ,22,0,- ,28,0,-,981,476,3,494,8,984,475,3,496,10,987,474,3,500,10,906,430,3,461,12,981,476,3,494,8,126,0,0,4839,2331,48.17,15,0.31,2445,50.53,48,0.99,49.1,Border,48137,G4801370
ELLIS,2065,0,- ,0500000US48139,1949,1,0.5,1839,0,- ,2060,0,- ,2140,0,-,75740,50667,7084,17004,985,77499,50753,7023,17865,1858,78130,50972,7085,18187,1886,79148,50751,7245,19166,1986,75740,50667,7084,17004,985,10053,1,9.95,386257,253810,65.71,35521,9.20,89226,23.10,7700,1.99,61,Non-Border,48139,G4801390
EL PASO,13792,0,- ,0500000US48141,13891,3,0.2,13871,3,0.2,13569,5,0.4,13567,1,0.1,412771,50555,9648,346228,6340,423191,49213,8841,356062,9075,429903,49718,9031,361916,9238,426367,47085,8814,360930,9538,412771,50555,9648,346228,6340,68690,12,17.47,2105003,247126,11.74,45982,2.18,1771364,84.15,40531,1.93,64,Border,48141,G4801410
ERATH,450,0,- ,0500000US48143,497,0,-,491,0,- ,485,0,- ,529,0,-,19285,15377,196,3496,216,19617,15364,175,3668,410,19907,15530,178,3783,416,20232,15678,193,3922,439,19285,15377,196,3496,216,2452,0,0,98326,77326,78.64,938,0.95,18365,18.68,1697,1.73,61,Non-Border,48143,G4801430
FALLS,185,0,- ,0500000US48145,207,1,4.8,202,0,- ,203,0,- ,218,1,4.6,9372,4970,2568,1760,74,9374,4874,2551,1801,148,9395,4853,2569,1823,150,9137,4704,2485,1797,151,9372,4970,2568,1760,74,1015,2,197.04,46650,24371,52.24,12741,27.31,8941,19.17,597,1.28,52.3,Non-Border,48145,G4801450
FANNIN,341,0,- ,0500000US48147,343,0,-,323,0,- ,326,0,- ,328,0,-,15927,13682,800,1216,229,16065,13561,716,1277,511,16162,13602,726,1310,524,16218,13576,723,1382,537,15927,13682,800,1216,229,1661,0,0,80299,68103,84.81,3765,4.69,6401,7.97,2030,2.53,59,Non-Border,48147,G4801470
FAYETTE,240,0,- ,0500000US48149,251,0,-,218,0,- ,245,0,- ,243,0,-,12473,9269,902,2218,84,12860,9467,859,2350,184,12975,9511,866,2409,189,12561,9118,823,2435,185,12473,9269,902,2218,84,1197,0,0,63342,46634,73.62,4352,6.87,11630,18.36,726,1.15,70.8,Non-Border,48149,G4801490
FISHER,46,0,- ,0500000US48151,37,0,-,32,0,- ,29,0,- ,51,0,-,2016,1441,71,492,12,1998,1412,69,491,26,1999,1406,70,497,26,1954,1364,65,501,24,2016,1441,71,492,12,195,0,0,9983,7064,70.76,346,3.47,2473,24.77,100,1.00,71,Non-Border,48151,G4801510
FLOYD,96,0,- ,0500000US48153,81,0,-,90,0,- ,81,0,- ,67,0,-,3270,1445,116,1694,15,3266,1416,101,1721,28,3280,1400,101,1749,30,3163,1335,105,1695,28,3270,1445,116,1694,15,415,0,0,16249,7041,43.33,539,3.32,8553,52.64,116,0.71,57,Non-Border,48153,G4801530
FOARD,13,0,- ,0500000US48155,13,0,-,18,0,- ,11,0,- ,7,0,-,699,572,30,93,4,704,573,28,98,5,706,572,28,101,5,674,535,33,101,5,699,572,30,93,4,62,0,0,3482,2824,81.10,149,4.28,486,13.96,23,0.66,71.2,Non-Border,48155,G4801550
FORT BEND,7840,3,0.4,0500000US48157,7718,1,0.1,8136,3,0.4,8532,4,0.5,9314,2,0.2,298007,108519,66866,69684,52938,309523,107933,67991,73649,59950,317979,110544,69748,75968,61719,332137,111261,73102,81287,66487,298007,108519,66866,69684,52938,41540,13,31.30,1555653,546776,35.15,344573,22.15,370272,23.80,294032,18.90,67,Non-Border,48157,G4801570
FRANKLIN,108,0,- ,0500000US48159,114,0,-,95,0,- ,117,0,- ,92,0,-,5390,4470,238,612,70,5396,4404,205,630,157,5406,4401,206,640,159,5298,4256,206,679,157,5390,4470,238,612,70,526,0,0,26880,22001,81.85,1093,4.07,3173,11.80,613,2.28,65.1,Non-Border,48159,G4801590
FREESTONE,213,0,- ,0500000US48161,238,1,4.2,235,0,- ,214,0,- ,204,0,-,9379,6771,1434,1103,71,9468,6744,1434,1148,142,9542,6771,1441,1187,143,9504,6717,1434,1202,151,9379,6771,1434,1103,71,1104,1,90.58,47272,33774,71.45,7177,15.18,5743,12.15,578,1.22,57.6,Non-Border,48161,G4801610
FRIO,245,0,- ,0500000US48163,235,0,-,256,0,- ,263,0,- ,273,1,3.7,7185,1319,35,5771,60,7364,1316,30,5927,91,7514,1330,30,6060,94,7573,1351,34,6105,83,7185,1319,35,5771,60,1272,1,78.62,36821,6635,18.02,164,0.45,29634,80.48,388,1.05,54.4,Border,48163,G4801630
GAINES,345,0,- ,0500000US48165,364,0,-,348,0,- ,394,0,- ,407,0,-,8728,5432,136,3119,41,8902,5462,133,3201,106,9021,5515,134,3264,108,9386,5776,138,3358,114,8728,5432,136,3119,41,1858,0,0,44765,27617,61.69,677,1.51,16061,35.88,410,0.92,48,Non-Border,48165,G4801650
GALVESTON,3945,1,0.3,0500000US48167,3897,1,0.3,3895,2,0.5,3960,0,- ,4133,1,0.2,147075,87947,21407,32265,5456,149412,87444,20794,33458,7716,151714,88552,21047,34239,7876,153659,88465,20965,35707,8522,147075,87947,21407,32265,5456,19830,5,25.21,748935,440355,58.80,105620,14.10,167934,22.42,35026,4.68,67,Non-Border,48167,G4801670
GARZA,79,0,- ,0500000US48169,68,0,-,50,0,- ,65,0,- ,63,0,-,2369,1310,132,902,25,2399,1312,123,922,42,2404,1302,126,933,43,2406,1295,120,951,40,2369,1310,132,902,25,325,0,0,11947,6529,54.65,633,5.30,4610,38.59,175,1.46,55.8,Non-Border,48169,G4801690
GILLESPIE,261,0,- ,0500000US48171,233,0,-,245,0,- ,241,0,- ,256,1,3.9,12869,10358,29,2369,113,13044,10364,26,2471,183,13205,10423,26,2569,187,13306,10502,21,2588,195,12869,10358,29,2369,113,1236,1,80.91,65293,52005,79.65,131,0.20,12366,18.94,791,1.21,61,Non-Border,48171,G4801710
GLASSCOCK,12,0,- ,0500000US48173,16,0,-,12,0,- ,13,0,- ,16,0,-,577,389,8,177,3,584,395,7,180,2,586,396,7,181,2,591,398,6,183,4,577,389,8,177,3,69,0,0,2915,1967,67.48,36,1.23,898,30.81,14,0.48,77.6,Non-Border,48173,G4801730
GOLIAD,72,0,- ,0500000US48175,57,0,-,68,0,- ,61,0,- ,76,0,-,3614,2200,165,1229,20,3659,2208,169,1241,41,3711,2233,167,1270,41,3747,2230,158,1313,46,3614,2200,165,1229,20,334,0,0,18345,11071,60.35,824,4.49,6282,34.24,168,0.92,74.5,Non-Border,48175,G4801750
GONZALES,292,0,- ,0500000US48177,278,1,3.6,271,0,- ,281,0,- ,320,1,3.1,9848,4587,675,4505,81,9974,4533,649,4652,140,10029,4519,646,4723,141,10026,4406,654,4807,159,9848,4587,675,4505,81,1442,2,138.70,49725,22632,45.51,3299,6.63,23192,46.64,602,1.21,48,Non-Border,48177,G4801770
GRAY,318,0,- ,0500000US48179,327,0,-,346,0,- ,343,1,2.9,340,0,-,10832,7977,329,2394,132,10917,7821,283,2517,296,10983,7821,284,2581,297,11034,7690,296,2743,305,10832,7977,329,2394,132,1674,1,59.74,54598,39286,71.96,1521,2.79,12629,23.13,1162,2.13,63,Non-Border,48179,G4801790
GRAYSON,1523,0,- ,0500000US48181,1476,0,-,1500,0,- ,1509,1,0.7,1562,1,0.6,61960,49801,4011,6633,1515,62350,48928,3625,6978,2819,62572,48916,3649,7150,2857,62948,48786,3585,7575,3002,61960,49801,4011,6633,1515,7570,2,26.42,311790,246232,78.97,18881,6.06,34969,11.22,11708,3.76,59,Non-Border,48181,G4801810
GREGG,1940,1,0.5,0500000US48183,1910,1,0.5,1939,0,- ,1876,0,- ,1962,0,-,62262,38731,13216,9283,1032,62900,38236,12869,9857,1938,63364,38273,12990,10127,1974,63539,37696,12948,10807,2088,62262,38731,13216,9283,1032,9627,2,20.77,314327,191667,60.98,65239,20.76,49357,15.70,8064,2.57,56,Non-Border,48183,G4801830
GRIMES,324,1,3.1,0500000US48185,288,0,-,292,0,- ,326,0,- ,338,0,-,12117,7711,1856,2466,84,12308,7685,1818,2569,236,12437,7742,1820,2634,241,12432,7609,1834,2742,247,12117,7711,1856,2466,84,1568,1,63.78,61411,38458,62.62,9184,14.95,12877,20.97,892,1.45,61.6,Non-Border,48185,G4801850
GUADALUPE,1683,0,- ,0500000US48187,1619,0,-,1763,0,- ,1728,0,- ,1786,0,-,66771,37112,4357,23685,1617,69057,37426,4132,24761,2738,70730,38218,4223,25484,2805,73183,39346,4374,26488,2975,66771,37112,4357,23685,1617,8579,0,0,346512,189214,54.61,21443,6.19,124103,35.81,11752,3.39,64,Non-Border,48187,G4801870
HALE,619,0,- ,0500000US48189,561,0,-,537,0,- ,515,0,- ,464,0,-,17536,6823,717,9833,163,17709,6706,670,10052,281,17719,6629,669,10142,279,17171,6307,660,9924,280,17536,6823,717,9833,163,2696,0,0,87671,33288,37.97,3433,3.92,49784,56.79,1166,1.33,61.2,Non-Border,48189,G4801890
HALL,32,0,- ,0500000US48191,40,0,-,33,0,- ,31,0,- ,34,0,-,1696,1049,106,529,12,1729,1047,107,551,24,1741,1043,109,564,25,1680,1002,105,555,18,1696,1049,106,529,12,170,0,0,8542,5190,60.76,533,6.24,2728,31.94,91,1.07,58.1,Non-Border,48191,G4801910
HAMILTON,86,0,- ,0500000US48193,99,0,-,96,0,- ,81,0,- ,84,0,-,4322,3866,13,406,37,4329,3854,13,413,49,4358,3870,13,427,48,4251,3755,11,426,59,4322,3866,13,406,37,446,0,0,21582,19211,89.01,63,0.29,2078,9.63,230,1.07,63.8,Non-Border,48193,G4801930
HANSFORD,85,0,- ,0500000US48195,78,0,-,76,0,- ,82,0,- ,91,0,-,2810,1617,15,1160,18,2805,1579,14,1179,33,2816,1570,14,1199,33,2735,1504,12,1189,30,2810,1617,15,1160,18,412,0,0,13976,7887,56.43,70,0.50,5887,42.12,132,0.94,56,Non-Border,48195,G4801950
HARDEMAN,46,0,- ,0500000US48197,41,1,24.4,40,0,- ,39,0,- ,44,0,-,2088,1542,105,429,12,2049,1487,94,432,36,2063,1490,94,441,38,2004,1424,89,452,39,2088,1542,105,429,12,210,1,476.19,10292,7485,72.73,487,4.73,2183,21.21,137,1.33,55.3,Non-Border,48197,G4801970
HARDIN,720,1,1.4,0500000US48199,655,1,1.5,700,0,- ,712,1,1.4,692,0,-,27693,24547,1752,1130,264,28117,24688,1724,1195,510,28277,24810,1742,1210,515,28898,25240,1786,1317,555,27693,24547,1752,1130,264,3479,3,86.23,140678,123832,88.03,8756,6.22,5982,4.25,2108,1.50,72.8,Non-Border,48199,G4801990
HARRIS,68166,20,0.3,0500000US48201,65956,20,0.3,67354,24,0.4,68292,25,0.4,71395,21,0.3,2055054,692024,410933,812700,139397,2095946,675841,407618,844652,167835,2129930,681317,413180,864454,170979,2165229,666304,418276,899104,181545,2055054,692024,410933,812700,139397,341163,110,32.24,10501213,3407510,32.45,2060940,19.63,4233610,40.32,799153,7.61,61,Non-Border,48201,G4802010
HARRISON,868,0,- ,0500000US48203,884,0,-,823,0,- ,846,0,- ,851,1,1.2,33407,21832,7855,3363,357,33798,21784,7666,3588,760,34210,21993,7732,3694,791,33833,21486,7593,3941,813,33407,21832,7855,3363,357,4272,1,23.41,168655,108927,64.59,38701,22.95,17949,10.64,3078,1.83,59,Non-Border,48203,G4802030
HARTLEY,54,0,- ,0500000US48205,53,0,-,64,0,- ,69,0,- ,60,0,-,2362,1883,6,442,31,2361,1858,4,452,47,2390,1873,4,465,48,2374,1846,6,475,47,2362,1883,6,442,31,300,0,0,11849,9343,78.85,26,0.22,2276,19.21,204,1.72,79,Non-Border,48205,G4802050
HASKELL,46,0,- ,0500000US48207,54,0,-,45,0,- ,45,0,- ,50,0,-,2795,2030,79,664,22,2799,1998,68,680,53,2809,1992,70,694,53,2742,1935,72,690,45,2795,2030,79,664,22,240,0,0,13940,9985,71.63,368,2.64,3392,24.33,195,1.40,57,Non-Border,48207,G4802070
HAYS,2106,0,- ,0500000US48209,2057,0,-,2050,0,- ,2131,0,- ,2367,1,0.4,78852,47043,2555,27805,1449,82202,47901,2343,29400,2558,83638,48543,2379,30105,2611,88514,50782,2490,32397,2845,78852,47043,2555,27805,1449,10711,1,9.34,412058,241312,58.56,12322,2.99,147512,35.80,10912,2.65,71,Non-Border,48209,G4802090
HEMPHILL,69,0,- ,0500000US48211,69,0,-,67,0,- ,65,0,- ,66,0,-,1879,1357,2,499,21,1897,1350,2,509,36,1921,1357,2,525,37,1967,1379,2,548,38,1879,1357,2,499,21,336,0,0,9543,6800,71.26,10,0.10,2580,27.04,153,1.60,63,Non-Border,48211,G4802110
HENDERSON,934,0,- ,0500000US48213,921,0,-,886,0,- ,877,0,- ,887,0,-,40064,32950,2576,4100,438,40365,32703,2452,4294,916,40535,32740,2467,4396,932,40699,32599,2471,4620,1009,40064,32950,2576,4100,438,4505,0,0,201727,163942,81.27,12542,6.22,21510,10.66,3733,1.85,57,Non-Border,48213,G4802130
HIDALGO,16398,3,0.2,0500000US48215,16101,3,0.2,16301,4,0.2,16059,2,0.1,16325,2,0.1,397825,30355,1022,362088,4360,409575,30286,932,373281,5076,416328,30175,948,380073,5132,419004,30267,971,382345,5421,397825,30355,1022,362088,4360,81184,14,17.24,2040557,151438,7.42,4895,0.24,1859875,91.15,24349,1.19,66,Border,48215,G4802150
HILL,437,0,- ,0500000US48217,439,0,-,413,0,- ,387,0,- ,413,0,-,17881,13392,1247,3062,180,18129,13391,1179,3202,357,18219,13394,1187,3274,364,17834,13045,1160,3278,351,17881,13392,1247,3062,180,2089,0,0,89944,66614,74.06,6020,6.69,15878,17.65,1432,1.59,62,Non-Border,48217,G4802170
HOCKLEY,346,0,- ,0500000US48219,313,1,3.2,368,1,2.7,313,0,- ,310,0,-,11638,6076,428,5042,92,11661,5970,407,5126,158,11708,5954,409,5187,158,11858,5954,437,5282,185,11638,6076,428,5042,92,1650,2,121.21,58503,30030,51.33,2109,3.60,25679,43.89,685,1.17,58.6,Non-Border,48219,G4802190
HOOD,553,0,- ,0500000US48221,541,0,-,570,2,3.5,604,0,- ,578,0,-,26001,23074,125,2435,367,26442,23179,84,2562,617,26589,23264,85,2618,622,26939,23476,85,2734,644,26001,23074,125,2435,367,2846,2,70.27,131972,116067,87.95,504,0.38,12784,9.69,2617,1.98,67,Non-Border,48221,G4802210
HOPKINS,509,0,- ,0500000US48223,485,0,-,458,0,- ,428,0,- ,471,1,2.1,17740,13686,1366,2462,226,17876,13563,1266,2577,470,18091,13680,1277,2657,477,17880,13362,1270,2749,499,17740,13686,1366,2462,226,2351,1,42.54,89327,67977,76.10,6545,7.33,12907,14.45,1898,2.12,73,Non-Border,48223,G4802230
HOUSTON,250,0,- ,0500000US48225,212,0,-,254,2,7.9,237,0,- ,207,0,-,10963,7287,2716,813,147,10960,7211,2669,835,245,10998,7210,2684,855,249,10806,7056,2608,883,259,10963,7287,2716,813,147,1160,2,172.41,54690,36051,65.92,13393,24.49,4199,7.68,1047,1.91,62,Non-Border,48225,G4802250
HOWARD,454,1,2.2,0500000US48227,390,0,-,460,1,2.2,446,0,- ,518,0,-,15292,8826,627,5594,245,15342,8718,575,5683,366,15500,8761,575,5792,372,15735,8840,592,5906,397,15292,8826,627,5594,245,2268,2,88.18,77161,43971,56.99,2996,3.88,28569,37.03,1625,2.11,62.6,Non-Border,48227,G4802270
HUDSPETH,51,0,- ,0500000US48229,55,0,-,44,0,- ,40,0,- ,38,0,-,1726,301,12,1398,15,1741,288,10,1415,28,1749,282,10,1429,28,1696,283,7,1380,26,1726,301,12,1398,15,228,0,0,8638,1455,16.84,51,0.59,7020,81.27,112,1.30,52,Border,48229,G4802290
HUNT,1095,1,0.9,0500000US48231,1073,1,0.9,1060,0,- ,1073,1,0.9,1144,1,0.9,43429,33173,3828,5517,911,43964,32814,3705,5821,1624,44143,32844,3735,5923,1641,44865,32958,3787,6350,1770,43429,33173,3828,5517,911,5445,4,73.46,219830,164962,75.04,18883,8.59,29128,13.25,6857,3.12,56,Non-Border,48231,G4802310
HUTCHINSON,264,0,- ,0500000US48233,317,0,-,311,0,- ,303,0,- ,307,0,-,11073,8431,278,2141,223,11086,8266,223,2199,398,11125,8262,221,2240,402,10834,7984,226,2221,403,11073,8431,278,2141,223,1502,0,0,55191,41374,74.97,1226,2.22,10942,19.83,1649,2.99,66,Non-Border,48233,G4802330
IRION,15,0,- ,0500000US48235,18,0,-,16,0,- ,19,0,- ,14,0,-,792,574,5,200,13,806,583,3,206,14,827,598,3,211,15,856,609,5,224,18,792,574,5,200,13,82,0,0,4073,2938,72.13,21,0.52,1041,25.56,73,1.79,58,Non-Border,48235,G4802350
JACK,106,1,9.4,0500000US48237,105,0,-,89,0,- ,97,0,- ,99,0,-,4014,3433,42,502,37,4050,3423,33,520,74,4054,3413,33,532,76,4021,3382,31,544,64,4014,3433,42,502,37,496,1,201.61,20153,17084,84.77,181,0.90,2600,12.90,288,1.43,69,Non-Border,48237,G4802370
JACKSON,193,0,- ,0500000US48239,179,0,-,198,1,5.1,191,0,- ,202,0,-,7128,4564,511,2002,51,7137,4493,501,2041,102,7194,4511,505,2075,103,7330,4554,517,2156,103,7128,4564,511,2002,51,963,1,103.84,35917,22686,63.16,2545,7.09,10276,28.61,410,1.14,77,Non-Border,48239,G4802390
JASPER,480,1,2.1,0500000US48241,468,0,-,430,2,4.7,452,0,- ,395,0,-,18167,13877,3198,874,218,18247,13806,3083,902,456,18328,13851,3097,918,462,17967,13525,3034,935,473,18167,13877,3198,874,218,2225,3,134.83,90876,68936,75.86,15610,17.18,4503,4.96,1827,2.01,65.3,Non-Border,48241,G4802410
JEFF DAVIS,20,0,- ,0500000US48243,23,0,-,11,0,- ,10,0,- ,16,0,-,1155,749,7,392,7,1177,750,4,398,25,1199,763,4,406,26,1113,702,3,383,25,1155,749,7,392,7,80,0,0,5799,3713,64.03,25,0.43,1971,33.99,90,1.55,62.5,Border,48243,G4802430
JEFFERSON,3554,0,- ,0500000US48245,3436,1,0.3,3430,2,0.6,3534,1,0.3,3633,2,0.6,123327,56636,43534,18511,4646,123611,55246,42870,19381,6114,124095,55072,43083,19750,6190,123331,53206,42831,20825,6469,123327,56636,43534,18511,4646,17587,6,34.12,617691,276796,44.81,215852,34.94,96978,15.70,28065,4.54,67,Non-Border,48245,G4802450
JIM HOGG,88,0,- ,0500000US48247,93,0,-,93,0,- ,94,0,- ,93,0,-,2684,168,3,2500,13,2693,160,2,2508,23,2723,160,2,2537,24,2642,154,1,2464,23,2684,168,3,2500,13,461,0,0,13426,810,6.03,11,0.08,12509,93.17,96,0.72,79,Border,48247,G4802470
JIM WELLS,674,0,- ,0500000US48249,626,0,-,619,1,1.6,657,0,- ,730,1,1.4,20731,4117,63,16405,146,21114,4100,67,16757,190,21448,4135,69,17049,195,21160,3963,67,16931,199,20731,4117,63,16405,146,3306,2,60.50,105184,20432,19.43,329,0.31,83547,79.43,876,0.83,66,Non-Border,48249,G4802490
JOHNSON,1978,0,- ,0500000US48251,1924,4,2.1,1944,0,- ,2009,2,1.0,2022,0,-,75415,59246,1982,12918,1269,76612,58957,1766,13636,2253,77783,59697,1785,14007,2294,78702,59360,1904,14987,2451,75415,59246,1982,12918,1269,9877,6,60.75,383927,296506,77.23,9419,2.45,68466,17.83,9536,2.48,66,Non-Border,48251,G4802510
JONES,169,0,- ,0500000US48253,163,0,-,185,1,5.4,181,0,- ,185,0,-,7819,5802,321,1610,86,7876,5726,293,1676,181,7914,5740,296,1695,183,7560,5510,289,1577,184,7819,5802,321,1610,86,883,1,113.25,38988,28580,73.30,1520,3.90,8168,20.95,720,1.85,63.6,Non-Border,48253,G4802530
KARNES,145,0,- ,0500000US48255,148,0,-,166,0,- ,174,0,- ,191,0,-,5982,2747,101,3075,59,6064,2770,98,3126,70,6357,2885,104,3294,74,6100,2752,95,3176,77,5982,2747,101,3075,59,824,0,0,30485,13901,45.60,499,1.64,15746,51.65,339,1.11,63.9,Non-Border,48255,G4802550
KAUFMAN,1442,0,- ,0500000US48257,1367,0,-,1453,0,- ,1500,1,0.7,1527,0,-,52539,37239,5838,8573,889,53517,37192,5680,9052,1593,54310,37639,5756,9298,1617,55336,37800,5884,9940,1712,52539,37239,5838,8573,889,7289,1,13.72,268241,187109,69.75,28996,10.81,45436,16.94,6700,2.50,61.7,Non-Border,48257,G4802570
KENDALL,338,0,- ,0500000US48259,324,0,-,341,0,- ,316,0,- ,361,0,-,17111,13475,69,3349,218,17711,13739,61,3534,377,18152,14026,67,3673,386,19438,15021,62,3948,407,17111,13475,69,3349,218,1680,0,0,89523,69736,77.90,328,0.37,17853,19.94,1606,1.79,70,Non-Border,48259,G4802590
KENEDY,3,0,- ,0500000US48261,3,0,-,6,0,- ,5,0,- ,5,0,-,204,46,2,152,4,213,49,1,157,6,221,51,1,162,7,201,50,1,146,4,204,46,2,152,4,22,0,0,1043,242,23.20,7,0.67,769,73.73,25,2.40,--,Border,48261,G4802610
KENT,7,0,- ,0500000US48263,5,0,-,9,0,- ,12,0,- ,11,0,-,416,353,4,56,3,418,352,6,54,6,432,360,7,57,8,402,340,3,54,5,416,353,4,56,3,44,0,0,2084,1758,84.36,24,1.15,277,13.29,25,1.20,61,Non-Border,48263,G4802630
KERR,519,0,- ,0500000US48265,474,0,-,494,0,- ,496,0,- ,545,1,1.8,25557,18940,352,5896,369,25685,18721,300,6042,622,25903,18785,299,6189,630,26166,18913,307,6293,653,25557,18940,352,5896,369,2528,1,39.56,128868,94299,73.17,1610,1.25,30316,23.52,2643,2.05,48.9,Non-Border,48265,G4802650
KIMBLE,39,0,- ,0500000US48267,40,0,-,43,0,- ,41,0,- ,46,0,-,2326,1773,4,527,22,2338,1771,4,532,31,2370,1793,4,541,32,2350,1774,4,542,30,2326,1773,4,527,22,209,0,0,11710,8884,75.87,20,0.17,2669,22.79,137,1.17,54,Non-Border,48267,G4802670
KING,3,0,- ,0500000US48269,6,0,-,1,0,- ,0,0,- ,1,0,-,145,130,0,15,0,142,125,0,13,4,149,130,0,14,5,148,126,0,18,4,145,130,0,15,0,11,0,0,729,641,87.93,0,0.00,75,10.29,13,1.78,--,Non-Border,48269,G4802690
KINNEY,30,0,- ,0500000US48271,38,0,-,35,0,- ,33,0,- ,25,0,-,1643,757,18,851,17,1671,753,16,876,26,1691,762,16,886,27,1668,741,18,881,28,1643,757,18,851,17,161,0,0,8316,3770,45.33,86,1.03,4345,52.25,115,1.38,61,Border,48271,G4802710
KLEBERG,480,0,- ,0500000US48273,473,1,2.1,481,0,- ,498,0,- ,479,1,2.1,15724,3581,474,11312,357,15789,3504,455,11372,458,15870,3516,452,11443,459,15654,3403,463,11329,459,15724,3581,474,11312,357,2411,2,82.95,78761,17585,22.33,2318,2.94,56768,72.08,2090,2.65,65.4,Non-Border,48273,G4802730
KNOX,48,0,- ,0500000US48275,48,0,-,53,0,- ,47,0,- ,69,0,-,1884,1208,124,542,10,1851,1173,111,542,25,2461,1545,148,733,35,1927,1196,120,587,24,1884,1208,124,542,10,265,0,0,10007,6330,63.26,627,6.27,2946,29.44,104,1.04,68.1,Non-Border,48275,G4802750
LAMAR,657,0,- ,0500000US48277,667,0,-,647,0,- ,652,1,1.5,722,0,-,25749,19884,3767,1562,536,25915,19517,3613,1642,1143,26045,19561,3645,1681,1158,25885,19261,3641,1770,1213,25749,19884,3767,1562,536,3345,1,29.90,129343,98107,75.85,18433,14.25,8217,6.35,4586,3.55,63.8,Non-Border,48277,G4802770
LAMB,219,0,- ,0500000US48279,217,0,-,179,0,- ,196,0,- ,200,1,5.0,7013,3134,288,3542,49,7061,3054,276,3626,105,7080,3029,277,3668,106,6863,2882,270,3615,96,7013,3134,288,3542,49,1011,1,98.91,35030,15233,43.49,1399,3.99,17993,51.36,405,1.16,55,Non-Border,48279,G4802790
LAMPASAS,244,0,- ,0500000US48281,227,0,-,216,0,- ,254,0,- ,248,0,-,9972,7700,325,1684,263,10090,7575,288,1755,472,10196,7638,290,1789,479,10359,7672,301,1886,500,9972,7700,325,1684,263,1189,0,0,50589,38285,75.68,1529,3.02,8798,17.39,1977,3.91,68.2,Non-Border,48281,G4802810
LA SALLE,91,0,- ,0500000US48283,95,0,-,103,0,- ,99,0,- ,104,0,-,2797,438,1,2345,13,2873,439,1,2410,23,2971,448,1,2496,26,2982,444,1,2518,19,2797,438,1,2345,13,492,0,0,14420,2207,15.31,5,0.03,12114,84.01,94,0.65,63,Border,48283,G4802830
LAVACA,203,0,- ,0500000US48285,213,0,-,237,0,- ,198,1,5.1,242,0,-,9847,7608,657,1510,72,9971,7618,646,1574,133,10087,7684,652,1617,134,9904,7474,653,1637,140,9847,7608,657,1510,72,1093,1,91.49,49656,37992,76.51,3265,6.58,7848,15.80,551,1.11,71.8,Non-Border,48285,G4802850
LEE,208,0,- ,0500000US48287,179,0,-,197,0,- ,182,0,- ,225,0,-,8202,5485,897,1758,62,8233,5442,833,1800,158,8338,5483,844,1850,161,8399,5507,839,1883,170,8202,5485,897,1758,62,991,0,0,41374,27402,66.23,4310,10.42,9049,21.87,613,1.48,68,Non-Border,48287,G4802870
LEON,209,0,- ,0500000US48289,195,1,5.1,238,0,- ,196,0,- ,205,0,-,8416,6634,638,1055,89,8567,6679,616,1105,167,8712,6779,619,1141,173,8492,6570,589,1169,164,8416,6634,638,1055,89,1043,1,95.88,42603,33296,78.15,3100,7.28,5525,12.97,682,1.60,61.7,Non-Border,48289,G4802890
LIBERTY,1064,0,- ,0500000US48291,985,0,-,1052,1,1,1078,0,- ,1082,1,0.9,38453,27024,4470,6536,423,38573,26568,4278,6823,904,39049,26804,4310,7014,921,40130,27206,4399,7546,979,38453,27024,4470,6536,423,5261,2,38.02,194658,134626,69.16,21927,11.26,34455,17.70,3650,1.88,50.7,Non-Border,48291,G4802910
LIMESTONE,302,0,- ,0500000US48293,312,0,-,321,1,3.1,275,0,- ,342,0,-,11262,7158,2097,1921,86,11402,7146,2019,2003,234,11530,7192,2037,2062,239,11171,6923,1969,2042,237,11262,7158,2097,1921,86,1552,1,64.43,56627,35577,62.83,10219,18.05,9949,17.57,882,1.56,54,Non-Border,48293,G4802930
LIPSCOMB,61,0,- ,0500000US48295,44,0,-,35,0,- ,52,0,- ,43,0,-,1640,1136,5,479,20,1650,1112,5,490,43,1682,1123,5,510,44,1703,1128,3,524,48,1640,1136,5,479,20,235,0,0,8315,5635,67.77,23,0.28,2482,29.85,175,2.10,50,Non-Border,48295,G4802950
LIVE OAK,115,0,- ,0500000US48297,123,0,-,130,0,- ,116,0,- ,138,0,-,5336,3343,28,1917,48,5421,3341,21,1975,84,5549,3397,21,2045,86,5456,3311,20,2038,87,5336,3343,28,1917,48,622,0,0,27098,16735,61.76,118,0.44,9892,36.50,353,1.30,65,Non-Border,48297,G4802970
LLANO,158,0,- ,0500000US48299,141,0,-,161,0,- ,162,0,- ,161,0,-,9972,9010,51,806,105,10077,9010,41,829,197,10230,9131,42,857,200,10184,9087,37,857,203,9972,9010,51,806,105,783,0,0,50435,45248,89.72,222,0.44,4155,8.24,810,1.61,68,Non-Border,48299,G4802990
LOVING,0,0,- ,0500000US48301,0,0,-,0,0,- ,0,0,- ,0,0,-,36,26,0,9,1,36,25,0,10,1,35,24,0,10,1,36,24,0,11,1,36,26,0,9,1,0,0,0,179,125,69.83,0,0.00,49,27.37,5,2.79,,Non-Border,48301,G4803010
LUBBOCK,4102,1,0.2,0500000US48303,3881,0,-,3927,0,- ,4127,1,0.2,4237,1,0.2,141045,82426,10577,44388,3654,143068,81810,10187,45838,5233,145307,82670,10359,46936,5342,147093,82228,10509,48601,5755,141045,82426,10577,44388,3654,20274,3,14.80,717558,411560,57.36,52209,7.28,230151,32.07,23638,3.29,65,Non-Border,48303,G4803030
LYNN,71,0,- ,0500000US48305,80,0,-,80,0,- ,80,0,- ,64,0,-,2968,1560,51,1336,21,2965,1534,46,1346,39,2982,1541,47,1355,39,2894,1464,50,1343,37,2968,1560,51,1336,21,375,0,0,14777,7659,51.83,245,1.66,6716,45.45,157,1.06,61.7,Non-Border,48305,G4803050
MCCULLOCH,105,0,- ,0500000US48307,107,1,9.3,,,,,,,83,0,-,4226,2914,69,1213,30,4224,2879,60,1236,49,,,,,,4222,2843,56,1269,54,4226,2914,69,1213,30,295,1,338.98,16898,11550,68.35,254,1.50,4931,29.18,163,0.96,66.2,Non-Border,48307,G4803070
MCLENNAN,3470,1,0.3,0500000US48309,3442,2,0.6,,,,,,,3618,1,0.3,120737,72118,18900,27324,2395,122356,71344,18362,28534,4116,,,,,,124067,70542,18737,30410,4378,120737,72118,18900,27324,2395,10530,4,37.99,487897,286122,58.64,74899,15.35,113592,23.28,13284,2.72,64,Non-Border,48309,G4803090
MCMULLEN,6,0,- ,0500000US48311,10,0,-,,,,,,,,,,340,215,3,119,3,399,250,4,139,6,,,,,,390,244,3,137,6,340,215,3,119,3,16,0,0,1469,924,62.90,13,0.88,514,34.99,18,1.23,66,Border,48311,G4803110
MADISON,165,0,- ,0500000US48313,142,0,-,160,0,- ,150,1,6.7,166,0,-,5791,3815,962,936,78,5827,3795,940,958,134,5844,3778,948,984,134,5968,3847,943,1036,142,5791,3815,962,936,78,783,1,127.71,29221,19050,65.19,4755,16.27,4850,16.60,566,1.94,61,Non-Border,48313,G4803130
MARION,99,0,- ,0500000US48315,91,0,-,110,0,- ,105,0,- ,87,0,-,5375,3837,1302,164,72,5381,3772,1277,162,170,5450,3814,1290,170,176,5293,3686,1262,171,174,5375,3837,1302,164,72,492,0,0,26874,18946,70.50,6433,23.94,831,3.09,664,2.47,57,Non-Border,48315,G4803150
MARTIN,83,0,- ,0500000US48317,75,0,-,87,0,- ,99,1,10.1,119,0,-,2388,1292,47,1035,14,2390,1286,33,1042,29,2491,1335,33,1091,32,2635,1398,36,1169,32,2388,1292,47,1035,14,463,1,215.98,12292,6603,53.72,196,1.59,5372,43.70,121,0.98,56.8,Non-Border,48317,G4803170
MASON,31,0,- ,0500000US48319,40,0,-,41,0,- ,38,0,- ,28,0,-,2034,1604,7,412,11,2060,1616,6,417,21,2097,1641,6,428,22,2100,1639,5,433,23,2034,1604,7,412,11,178,0,0,10325,8104,78.49,31,0.30,2102,20.36,88,0.85,62,Non-Border,48319,G4803190
MATAGORDA,538,1,1.9,0500000US48321,531,0,-,498,1,2,522,0,- ,572,0,-,18339,8846,2190,6855,448,18387,8689,2129,6992,577,18536,8689,2138,7126,583,18159,8395,2085,7086,593,18339,8846,2190,6855,448,2661,2,75.16,91760,43465,47.37,10732,11.70,34914,38.05,2649,2.89,54,Non-Border,48321,G4803210
MAVERICK,1009,0,- ,0500000US48323,1042,0,-,1101,0,- ,1093,1,0.9,1171,1,0.9,27807,731,37,26713,326,28327,724,32,27202,369,28591,720,32,27466,373,28578,728,29,27446,375,27807,731,37,26713,326,5416,2,36.93,141110,3634,2.58,167,0.12,135540,96.05,1769,1.25,80,Border,48323,G4803230
MEDINA,545,0,- ,0500000US48325,498,0,-,503,1,2,528,1,1.9,602,0,-,22350,10801,175,11160,214,22529,10690,125,11329,385,22856,10799,128,11534,395,23506,11061,123,11914,408,22350,10801,175,11160,214,2676,2,74.74,113591,54152,47.67,726,0.64,57097,50.27,1616,1.42,73,Non-Border,48325,G4803250
MENARD,12,0,- ,0500000US48327,14,0,-,21,0,- ,24,0,- ,23,0,-,1109,713,3,386,7,1120,712,3,393,12,1134,716,3,402,13,1114,706,4,394,10,1109,713,3,386,7,94,0,0,5586,3560,63.73,16,0.29,1961,35.11,49,0.88,63.8,Non-Border,48327,G4803270
MIDLAND,2264,1,0.4,0500000US48329,2309,0,-,2510,0,- ,2702,1,0.4,2826,0,-,69630,37590,4750,26042,1248,71352,37457,4554,27339,2002,74049,38640,4692,28622,2095,77031,39066,4900,30725,2340,69630,37590,4750,26042,1248,12611,2,15.86,361692,190343,52.63,23646,6.54,138770,38.37,8933,2.47,65,Non-Border,48329,G4803290
MILAM,300,0,- ,0500000US48331,306,0,-,312,0,- ,302,1,3.3,332,1,3.0,12532,8301,1287,2831,113,12594,8239,1256,2917,182,12763,8301,1273,3002,187,12274,7918,1219,2944,193,12532,8301,1287,2831,113,1552,2,128.87,62695,41060,65.49,6322,10.08,14525,23.17,788,1.26,64,Non-Border,48331,G4803310
MILLS,52,0,- ,0500000US48333,41,0,-,38,0,- ,49,0,- ,58,0,-,2491,2074,13,389,15,2498,2060,13,397,28,2538,2086,13,409,30,2508,2050,12,414,32,2491,2074,13,389,15,238,0,0,12526,10344,82.58,64,0.51,1998,15.95,120,0.96,64.1,Non-Border,48333,G4803330
MITCHELL,100,0,- ,0500000US48335,107,0,-,102,0,- ,96,0,- ,93,0,-,3657,2262,126,1236,33,3678,2234,124,1266,54,3695,2227,126,1285,57,3621,2176,123,1267,55,3657,2262,126,1236,33,498,0,0,18308,11161,60.96,625,3.41,6290,34.36,232,1.27,59.8,Non-Border,48335,G4803350
MONTAGUE,269,0,- ,0500000US48337,216,0,-,233,0,- ,222,0,- ,220,0,-,10054,8954,23,962,115,10084,8835,10,1006,233,10189,8905,10,1034,240,10123,8803,6,1074,240,10054,8954,23,962,115,1160,0,0,50504,44451,88.01,72,0.14,5038,9.98,943,1.87,62,Non-Border,48337,G4803370
MONTGOMERY,6399,1,0.2,0500000US48339,6358,4,0.6,6382,1,0.2,6624,2,0.3,6971,2,0.3,229835,166823,10460,45830,6722,237694,168394,10070,49211,10019,243115,171697,10296,50815,10307,252803,175381,10872,55514,11036,229835,166823,10460,45830,6722,32734,10,30.55,1193282,849118,71.16,52158,4.37,247200,20.72,44806,3.75,64,Non-Border,48339,G4803390
MOORE,396,1,2.5,0500000US48341,401,1,2.5,414,0,- ,439,0,- ,421,0,-,10587,4340,86,5523,638,10612,4201,84,5586,741,10681,4173,86,5659,763,10628,4039,85,5689,815,10587,4340,86,5523,638,2071,2,96.57,53095,21093,39.73,427,0.80,27980,52.70,3595,6.77,52,Non-Border,48341,G4803410
MORRIS,154,0,- ,0500000US48343,161,0,-,165,0,- ,157,0,- ,143,0,-,6695,4480,1662,476,77,6697,4439,1597,494,167,6781,4484,1614,511,172,6781,4413,1640,553,175,6695,4480,1662,476,77,780,0,0,33649,22296,66.26,8175,24.29,2510,7.46,668,1.99,61,Non-Border,48343,G4803430
MOTLEY,11,0,- ,0500000US48345,7,0,-,11,0,- ,9,0,- ,4,0,-,597,504,9,79,5,586,487,13,81,5,612,504,13,89,6,583,496,7,75,5,597,504,9,79,5,42,0,0,2975,2495,83.87,51,1.71,403,13.55,26,0.87,54,Non-Border,48345,G4803450
NACOGDOCHES,943,0,- ,0500000US48347,913,0,-,897,0,- ,881,0,- ,886,0,-,33724,20963,6648,5505,608,34038,20740,6531,5739,1028,34283,20788,6574,5875,1046,33734,20302,6443,5933,1056,33724,20963,6648,5505,608,4520,0,0,169503,103756,61.21,32844,19.38,28557,16.85,4346,2.56,62,Non-Border,48347,G4803470
NAVARRO,676,0,- ,0500000US48349,672,0,-,706,0,- ,676,1,1.5,768,2,2.6,24078,14717,3436,5457,468,24321,14590,3345,5699,687,24420,14545,3359,5818,698,24671,14525,3313,6105,728,24078,14717,3436,5457,468,3498,3,85.76,121568,73094,60.13,16889,13.89,28536,23.47,3049,2.51,49,Non-Border,48349,G4803490
NEWTON,143,0,- ,0500000US48351,150,0,-,138,1,7.2,143,0,- ,147,0,-,7000,5386,1372,168,74,7044,5330,1364,173,177,7078,5347,1374,173,184,7010,5273,1378,181,178,7000,5386,1372,168,74,721,1,138.70,35132,26722,76.06,6860,19.53,863,2.46,687,1.96,63,Non-Border,48351,G4803510
NOLAN,199,0,- ,0500000US48353,186,0,-,190,0,- ,220,0,- ,232,0,-,7655,4631,383,2584,57,7687,4582,332,2640,133,7711,4571,334,2670,136,7498,4428,326,2619,125,7655,4631,383,2584,57,1027,0,0,38206,22843,59.79,1758,4.60,13097,34.28,508,1.33,68,Non-Border,48353,G4803530
NUECES,4716,1,0.2,0500000US48355,4635,0,-,4810,2,0.4,4949,2,0.4,5170,3,0.6,173185,56949,6387,105841,4008,176265,55984,6004,108663,5614,177367,56012,6018,109676,5661,178339,54620,5987,111758,5974,173185,56949,6387,105841,4008,24280,8,32.95,878341,280514,31.94,30783,3.50,541779,61.68,25265,2.88,68,Non-Border,48355,G4803550
OCHILTREE,161,0,- ,0500000US48357,184,0,-,168,0,- ,181,0,- ,207,0,-,4986,2601,12,2321,52,5033,2540,9,2404,80,5163,2576,10,2497,80,5230,2529,12,2598,91,4986,2601,12,2321,52,901,0,0,25398,12847,50.58,55,0.22,12141,47.80,355,1.40,53,Non-Border,48357,G4803570
OLDHAM,18,0,- ,0500000US48359,20,0,-,18,0,- ,31,0,- ,22,0,-,1017,845,33,121,18,1027,839,29,125,34,1065,870,29,129,37,1038,847,31,130,30,1017,845,33,121,18,109,0,0,5164,4246,82.22,155,3.00,626,12.12,137,2.65,78,Non-Border,48359,G4803590
ORANGE,1032,1,1,0500000US48361,1019,0,-,1103,0,- ,1156,1,0.9,1184,0,-,41129,34550,3711,2200,668,41192,34090,3622,2302,1178,41568,34332,3677,2356,1203,41491,34041,3691,2509,1250,41129,34550,3711,2200,668,5494,2,36.40,206509,171563,83.08,18412,8.92,11567,5.60,4967,2.41,69,Non-Border,48361,G4803610
PALO PINTO,363,0,- ,0500000US48363,368,1,2.7,378,0,- ,377,0,- ,361,1,2.8,14300,11358,331,2450,161,14355,11250,286,2529,290,14408,11256,282,2576,294,14465,11232,287,2657,289,14300,11358,331,2450,161,1847,2,108.28,71828,56454,78.60,1517,2.11,12662,17.63,1195,1.66,70,Non-Border,48363,G4803630
PANOLA,253,0,- ,0500000US48365,338,0,-,279,0,- ,305,1,3.3,293,0,-,11988,8892,2056,897,143,12067,8861,2029,943,234,12132,8876,2033,970,253,12163,8861,2040,1014,248,11988,8892,2056,897,143,1468,1,68.12,60338,44382,73.56,10214,16.93,4721,7.82,1021,1.69,60.5,Non-Border,48365,G4803650
PARKER,1307,0,- ,0500000US48367,1297,0,-,1345,1,0.7,1285,3,2.3,1422,1,0.7,57635,50493,656,5633,853,59027,50778,518,6109,1622,59878,51449,527,6253,1649,60288,51233,542,6780,1733,57635,50493,656,5633,853,6656,5,75.12,294463,254446,86.41,2899,0.98,30408,10.33,6710,2.28,71.9,Non-Border,48367,G4803670
PARMER,137,0,- ,0500000US48369,167,0,-,150,0,- ,157,0,- ,144,0,-,5010,1995,46,2951,18,5035,1947,39,3012,37,5070,1934,39,3059,38,4813,1774,45,2965,29,5010,1995,46,2951,18,755,0,0,24938,9645,38.68,215,0.86,14938,59.90,140,0.56,54,Non-Border,48369,G4803690
PECOS,218,0,- ,0500000US48371,230,0,-,207,0,- ,240,0,- ,227,0,-,6765,1800,39,4851,75,6782,1757,33,4883,109,6829,1748,34,4936,111,6933,1755,30,5024,124,6765,1800,39,4851,75,1122,0,0,34074,8860,26.00,175,0.51,24545,72.03,494,1.45,64.2,Border,48371,G4803710
POLK,494,0,- ,0500000US48373,478,0,-,495,0,- ,523,0,- ,476,0,-,21125,16189,2054,2353,529,21220,16012,1967,2447,794,21412,16107,1988,2512,805,21848,16316,2011,2671,850,21125,16189,2054,2353,529,2466,0,0,106730,80813,75.72,10074,9.44,12336,11.56,3507,3.29,58.5,Non-Border,48373,G4803730
POTTER,2086,0,- ,0500000US48375,2026,0,-,2101,0,- ,2072,0,- ,2071,1,0.5,59154,30478,5396,20540,2740,59730,29756,5018,21210,3746,60143,29637,5086,21606,3814,60533,29159,5060,22259,4055,59154,30478,5396,20540,2740,10356,1,9.66,298714,149508,50.05,25956,8.69,106155,35.54,17095,5.72,58,Non-Border,48375,G4803750
PRESIDIO,135,0,- ,0500000US48377,109,0,-,106,0,- ,131,0,- ,143,0,-,4000,545,10,3394,51,4034,537,9,3428,60,4062,538,9,3455,60,4085,538,6,3469,72,4000,545,10,3394,51,624,0,0,20181,2703,13.39,44,0.22,17140,84.93,294,1.46,51,Border,48377,G4803770
RAINS,102,0,- ,0500000US48379,100,0,-,112,0,- ,92,0,- ,87,0,-,5429,4825,128,391,85,5506,4846,113,406,141,5608,4923,118,422,145,5527,4865,110,414,138,5429,4825,128,391,85,493,0,0,27499,24284,88.31,597,2.17,2024,7.36,594,2.16,62.9,Non-Border,48379,G4803790
RANDALL,1551,1,0.6,0500000US48381,1649,0,-,1618,0,- ,1690,1,0.6,1762,0,-,61988,49349,1444,9955,1240,63527,49573,1256,10665,2033,64751,50400,1287,10983,2081,65298,49980,1357,11735,2226,61988,49349,1444,9955,1240,8270,2,24.18,317552,248651,78.30,6788,2.14,53293,16.78,8820,2.78,74,Non-Border,48381,G4803810
REAGAN,52,0,- ,0500000US48383,50,0,-,51,0,- ,82,0,- ,47,0,-,1619,630,25,960,4,1627,616,25,973,13,1728,650,27,1034,17,1723,649,22,1037,15,1619,630,25,960,4,282,0,0,8316,3175,38.18,124,1.49,4964,59.69,53,0.64,55,Non-Border,48383,G4803830
REAL,37,0,- ,0500000US48385,34,0,-,31,0,- ,32,1,31.3,36,0,-,1671,1241,11,396,23,1705,1243,12,408,42,1732,1257,13,420,42,1692,1230,8,418,36,1671,1241,11,396,23,170,1,588.24,8471,6212,73.33,55,0.65,2038,24.06,166,1.96,52.8,Border,48385,G4803850
RED RIVER,139,1,7.2,0500000US48387,124,0,-,130,1,7.7,157,0,- ,127,0,-,6594,4910,1223,398,63,6593,4823,1204,413,153,6592,4807,1208,424,153,6325,4587,1162,421,155,6594,4910,1223,398,63,677,2,295.42,32698,24037,73.51,6020,18.41,2054,6.28,587,1.80,64,Non-Border,48387,G4803870
REEVES,165,0,- ,0500000US48389,155,0,-,164,0,- ,194,0,- ,201,0,-,5502,908,100,4421,73,5516,897,96,4447,76,5549,895,93,4484,77,5563,881,95,4511,76,5502,908,100,4421,73,879,0,0,27632,4489,16.25,484,1.75,22284,80.65,375,1.36,74,Border,48389,G4803890
REFUGIO,86,0,- ,0500000US48391,94,0,-,87,0,- ,77,0,- ,93,0,-,3714,1704,214,1771,25,3714,1663,210,1793,48,3748,1673,209,1818,48,3632,1592,203,1784,53,3714,1704,214,1771,25,437,0,0,18522,8336,45.01,1050,5.67,8937,48.25,199,1.07,70,Non-Border,48391,G4803910
ROBERTS,14,0,- ,0500000US48393,12,0,-,8,0,- ,9,0,- ,9,0,-,460,421,0,35,4,459,423,0,31,5,463,427,0,31,5,450,413,0,32,5,460,421,0,35,4,52,0,0,2292,2105,91.84,0,0.00,164,7.16,23,1.00,71,Non-Border,48393,G4803930
ROBERTSON,205,0,- ,0500000US48395,215,0,-,194,0,- ,207,0,- ,235,0,-,8392,4960,1891,1468,73,8589,4979,1929,1532,149,8691,5024,1950,1567,150,8543,4879,1909,1604,151,8392,4960,1891,1468,73,1056,0,0,42607,24802,58.21,9570,22.46,7639,17.93,596,1.40,58.3,Non-Border,48395,G4803950
ROCKWALL,941,0,- ,0500000US48397,972,1,1,966,0,- ,975,0,- ,985,0,-,39821,29999,2385,6104,1333,41177,30446,2354,6483,1894,42069,31036,2401,6685,1947,43296,31555,2579,7055,2107,39821,29999,2385,6104,1333,4839,1,20.67,206184,153035,74.22,12104,5.87,32431,15.73,8614,4.18,69,Non-Border,48397,G4803970
RUNNELS,130,0,- ,0500000US48399,129,0,-,99,0,- ,97,1,10.3,99,0,-,5304,3530,82,1651,41,5331,3498,73,1687,73,5376,3509,74,1719,74,5147,3317,73,1687,70,5304,3530,82,1651,41,554,1,180.51,26462,17384,65.69,384,1.45,8395,31.72,299,1.13,63,Non-Border,48399,G4803990
RUSK,687,3,4.4,0500000US48401,658,1,1.5,700,0,- ,620,0,- ,576,0,-,25255,17459,4239,3280,277,25439,17268,4120,3456,595,25641,17335,4144,3560,602,25316,16925,4064,3707,620,25255,17459,4239,3280,277,3241,4,123.42,126906,86446,68.12,20806,16.39,17283,13.62,2371,1.87,61.2,Non-Border,48401,G4804010
SABINE,88,0,- ,0500000US48403,90,0,-,83,0,- ,95,0,- ,82,0,-,5533,4900,412,167,54,5572,4895,391,172,114,5606,4919,392,177,118,5613,4925,393,178,117,5533,4900,412,167,54,438,0,0,27857,24539,88.09,2000,7.18,861,3.09,457,1.64,62,Non-Border,48403,G4804030
SAN AUGUSTINE,97,0,- ,0500000US48405,110,0,-,113,0,- ,99,0,- ,92,0,-,4505,3149,1077,253,26,4513,3101,1074,262,76,4586,3138,1093,275,80,4476,3057,1078,266,75,4505,3149,1077,253,26,511,0,0,22585,15594,69.05,5399,23.91,1309,5.80,283,1.25,60,Non-Border,48405,G4804050
SAN JACINTO,288,0,- ,0500000US48407,262,1,3.8,273,0,- ,284,0,- ,284,0,-,13179,10255,1386,1405,133,13391,10241,1362,1481,307,13585,10364,1382,1526,313,13842,10501,1426,1599,316,13179,10255,1386,1405,133,1391,1,71.89,67176,51616,76.84,6942,10.33,7416,11.04,1202,1.79,55,Non-Border,48407,G4804070
SAN PATRICIO,914,1,1.1,0500000US48409,902,1,1.1,926,2,2.2,974,0,- ,1047,1,1.0,32641,13859,497,17853,432,32700,13521,413,18036,730,32799,13490,410,18161,738,32946,13342,416,18442,746,32641,13859,497,17853,432,4763,5,104.98,163727,68071,41.58,2233,1.36,90345,55.18,3078,1.88,65,Non-Border,48409,G4804090
SAN SABA,59,0,- ,0500000US48411,72,0,-,75,0,- ,59,0,- ,69,0,-,2765,2021,12,707,25,2788,1994,13,726,55,2849,2017,13,762,57,2713,1921,11,734,47,2765,2021,12,707,25,334,0,0,13880,9974,71.86,61,0.44,3636,26.20,209,1.51,63,Non-Border,48411,G4804110
SCHLEICHER,40,0,- ,0500000US48413,33,0,-,40,0,- ,41,0,- ,40,0,-,1735,948,15,769,3,1742,939,15,775,13,1764,945,15,791,13,1728,920,13,784,11,1735,948,15,769,3,194,0,0,8704,4700,54.00,73,0.84,3888,44.67,43,0.49,63,Non-Border,48413,G4804130
SCURRY,280,0,- ,0500000US48415,246,0,-,270,0,- ,242,0,- ,261,0,-,7893,4809,225,2783,76,7921,4741,200,2855,125,8055,4792,206,2931,126,8108,4720,208,3047,133,7893,4809,225,2783,76,1299,0,0,39870,23871,59.87,1064,2.67,14399,36.11,536,1.34,47,Non-Border,48415,G4804150
SHACKELFORD,27,0,- ,0500000US48417,30,0,-,42,0,- ,34,0,- ,23,0,-,1746,1557,11,165,13,1739,1535,6,161,37,1751,1543,5,166,37,1747,1542,3,168,34,1746,1557,11,165,13,156,0,0,8729,7734,88.60,36,0.41,825,9.45,134,1.54,66.9,Non-Border,48417,G4804170
SHELBY,359,1,2.8,0500000US48419,338,0,-,370,0,- ,381,0,- ,351,1,2.8,12857,8449,2404,1920,84,13004,8435,2371,2013,185,13046,8412,2375,2058,201,13040,8367,2357,2128,188,12857,8449,2404,1920,84,1799,2,111.17,64804,42112,64.98,11911,18.38,10039,15.49,742,1.14,58,Non-Border,48419,G4804190
SHERMAN,30,0,- ,0500000US48421,49,0,-,35,0,- ,42,0,- ,41,0,-,1486,886,2,589,9,1489,868,2,604,15,1503,868,2,617,16,1486,846,1,624,15,1486,886,2,589,9,197,0,0,7450,4354,58.44,9,0.12,3023,40.58,64,0.86,61,Non-Border,48421,G4804210
SMITH,2992,1,0.3,0500000US48423,2956,2,0.7,2992,1,0.3,3090,0,- ,3150,2,0.6,108289,68184,20679,17418,2008,110104,67865,20303,18472,3464,111346,68276,20536,18996,3538,110614,66759,20466,19700,3689,108289,68184,20679,17418,2008,15180,6,39.53,548642,339268,61.84,102663,18.71,92004,16.77,14707,2.68,53,Non-Border,48423,G4804230
SOMERVELL,97,0,- ,0500000US48425,71,0,-,94,0,- ,95,0,- ,85,0,-,4308,3413,30,806,59,4378,3398,26,830,124,4467,3462,27,852,126,4402,3374,21,883,124,4308,3413,30,806,59,442,0,0,21863,17060,78.03,134,0.61,4177,19.11,492,2.25,66,Non-Border,48425,G4804250
STARR,1446,0,- ,0500000US48427,1359,0,-,1346,0,- ,1366,0,- ,1382,0,-,31528,1253,2,30202,71,31941,1255,2,30601,83,32277,1251,2,30940,84,31974,1264,3,30622,85,31528,1253,2,30202,71,6899,0,0,159248,6276,3.94,11,0.01,152567,95.80,394,0.25,57.2,Border,48427,G4804270
STEPHENS,112,0,- ,0500000US48429,97,0,-,99,0,- ,112,0,- ,96,0,-,4655,3655,64,901,35,4657,3618,66,920,53,4693,3627,66,945,55,4546,3503,55,936,52,4655,3655,64,901,35,516,0,0,23206,18058,77.82,315,1.36,4603,19.84,230,0.99,65.9,Non-Border,48429,G4804290
STERLING,15,0,- ,0500000US48431,7,0,-,12,0,- ,17,0,- ,20,0,-,567,378,3,178,8,567,374,3,179,11,575,378,3,183,11,612,392,4,200,16,567,378,3,178,8,71,0,0,2888,1900,65.79,16,0.55,918,31.79,54,1.87,66.2,Non-Border,48431,G4804310
STONEWALL,12,0,- ,0500000US48433,11,0,-,12,0,- ,16,0,- ,17,0,-,773,635,19,109,10,765,616,16,113,20,783,629,17,117,20,729,587,17,105,20,773,635,19,109,10,68,0,0,3823,3102,81.14,88,2.30,553,14.47,80,2.09,67,Non-Border,48433,G4804330
SUTTON,42,0,- ,0500000US48435,56,0,-,54,0,- ,58,0,- ,53,0,-,2099,850,4,1239,6,2105,846,0,1248,11,2121,848,0,1262,11,2068,813,0,1244,11,2099,850,4,1239,6,263,0,0,10492,4207,40.10,8,0.08,6232,59.40,45,0.43,52.3,Border,48435,G4804350
SWISHER,113,0,- ,0500000US48437,127,0,-,96,0,- ,110,0,- ,95,0,-,3718,2025,194,1463,36,3708,1981,166,1491,70,3723,1965,168,1519,71,3604,1892,158,1484,70,3718,2025,194,1463,36,541,0,0,18471,9888,53.53,880,4.76,7420,40.17,283,1.53,57.7,Non-Border,48437,G4804370
TARRANT,27885,7,0.3,0500000US48439,27338,11,0.4,27671,10,0.4,27829,11,0.4,28405,13,0.5,921799,488074,145742,237173,50810,941539,480696,143968,248435,68440,955472,485096,146215,254467,69694,972584,477904,151987,268267,74426,921799,488074,145742,237173,50810,139128,52,37.38,4713193,2419844,51.34,733654,15.57,1245515,26.43,314180,6.67,59,Non-Border,48439,G4804390
TAYLOR,1981,0,- ,0500000US48441,2039,0,-,2089,0,- ,1998,1,0.5,2120,0,-,67478,46208,4926,14665,1679,67889,45330,4477,15181,2901,68534,45582,4543,15468,2941,68997,45417,4606,15905,3069,67478,46208,4926,14665,1679,10227,1,9.78,340376,228745,67.20,23478,6.90,75884,22.29,12269,3.60,70,Non-Border,48441,G4804410
TERRELL,14,0,- ,0500000US48443,13,0,-,12,0,- ,4,0,- ,18,0,-,475,242,1,229,3,466,233,1,225,7,469,233,1,229,6,435,217,2,211,5,475,242,1,229,3,61,0,0,2320,1167,50.30,6,0.26,1123,48.41,24,1.03,67,Border,48443,G4804430
TERRY,179,0,- ,0500000US48445,192,1,5.2,197,0,- ,205,0,- ,210,0,-,5934,2825,197,2888,24,5964,2771,187,2947,59,6007,2763,185,2998,61,5914,2671,187,2990,66,5934,2825,197,2888,24,983,1,101.73,29753,13855,46.57,953,3.20,14711,49.44,234,0.79,49.2,Non-Border,48445,G4804450
THROCKMORTON,16,0,- ,0500000US48447,11,0,-,16,0,- ,18,0,- ,14,0,-,834,729,6,86,13,820,713,8,85,14,837,726,8,89,14,814,706,6,87,15,834,729,6,86,13,75,0,0,4139,3603,87.05,34,0.82,433,10.46,69,1.67,78.7,Non-Border,48447,G4804470
TITUS,508,1,2,0500000US48449,493,0,-,502,0,- ,494,0,- ,540,0,-,16358,8287,1638,6193,240,16497,8142,1598,6405,352,16603,8102,1595,6548,358,16539,7913,1596,6667,363,16358,8287,1638,6193,240,2537,1,39.42,82355,40731,49.46,8065,9.79,32006,38.86,1553,1.89,56,Non-Border,48449,G4804490
TOM GREEN,1549,0,- ,0500000US48451,1534,0,-,1491,1,0.7,1558,0,- ,1666,1,0.6,56248,33120,2142,20042,944,56606,32493,1884,20526,1703,57100,32626,1898,20855,1721,58240,32807,1952,21646,1835,56248,33120,2142,20042,944,7798,2,25.65,284442,164166,57.72,10018,3.52,103111,36.25,7147,2.51,64.2,Non-Border,48451,G4804510
TRAVIS,15792,3,0.2,0500000US48453,15494,0,-,15826,4,0.3,15718,3,0.2,16386,7,0.4,507629,262453,45453,166715,33008,520006,260513,43384,172989,43120,530986,264613,44165,177996,44212,549543,270610,44766,186198,47969,507629,262453,45453,166715,33008,79216,17,21.46,2615793,1320642,50.49,223221,8.53,870613,33.28,201317,7.70,72,Non-Border,48453,G4804530
TRINITY,178,0,- ,0500000US48455,139,0,-,110,0,- ,125,0,- ,157,1,6.4,7485,6136,771,504,74,7524,6106,748,515,155,7560,6124,751,528,157,7257,5871,718,513,155,7485,6136,771,504,74,709,1,141.04,37311,30373,81.40,3759,10.07,2564,6.87,615,1.65,65,Non-Border,48455,G4804550
TYLER,224,0,- ,0500000US48457,208,0,-,240,1,4.2,219,1,4.6,214,0,-,10035,8814,860,276,85,10072,8765,826,282,199,10162,8846,827,288,201,10029,8691,848,291,199,10035,8814,860,276,85,1105,2,181.00,50333,43930,87.28,4221,8.39,1413,2.81,769,1.53,63.4,Non-Border,48457,G4804570
UPSHUR,507,0,- ,0500000US48459,474,0,-,463,0,- ,489,1,2.0,491,0,-,19847,16484,1896,1253,214,20106,16411,1805,1332,558,20311,16560,1813,1371,567,20209,16348,1834,1446,581,19847,16484,1896,1253,214,2424,1,41.25,100320,82287,82.02,9244,9.21,6655,6.63,2134,2.13,60,Non-Border,48459,G4804590
UPTON,38,0,- ,0500000US48461,52,0,-,52,0,- ,59,0,- ,49,0,-,1680,804,28,832,16,1685,793,27,841,24,1698,792,27,855,24,1658,773,25,836,24,1680,804,28,832,16,250,0,0,8401,3966,47.21,135,1.61,4196,49.95,104,1.24,78.5,Non-Border,48461,G4804610
UVALDE,416,0,- ,0500000US48463,401,0,-,372,0,- ,421,0,- ,409,0,-,13496,3976,46,9355,119,13522,3880,39,9430,173,13672,3879,40,9575,178,13663,3812,45,9632,174,13496,3976,46,9355,119,2019,0,0,67849,19523,28.77,216,0.32,47347,69.78,763,1.12,64,Border,48463,G4804630
VAL VERDE,897,0,- ,0500000US48465,865,0,-,865,0,- ,883,0,- ,866,0,-,24360,3937,246,19973,204,24506,3850,232,20130,294,24835,3891,235,20414,295,24092,3690,236,19864,302,24360,3937,246,19973,204,4376,0,0,122153,19305,15.80,1195,0.98,100354,82.15,1299,1.06,42,Border,48465,G4804650
VAN ZANDT,562,0,- ,0500000US48467,535,1,1.9,581,0,- ,589,1,1.7,568,0,-,26716,23409,803,2196,308,26798,23167,702,2284,645,27144,23413,712,2360,659,27190,23302,706,2495,687,26716,23409,803,2196,308,2835,2,70.55,134564,116700,86.72,3726,2.77,11531,8.57,2607,1.94,57.3,Non-Border,48467,G4804670
VICTORIA,1300,0,- ,0500000US48469,1225,0,-,1292,0,- ,1338,2,1.5,1309,1,0.8,44444,21642,2852,19279,671,44758,21310,2710,19711,1027,45554,21581,2735,20191,1047,45711,21219,2800,20566,1126,44444,21642,2852,19279,671,6464,3,46.41,224911,107394,47.75,13949,6.20,99026,44.03,4542,2.02,72.3,Non-Border,48469,G4804690
WALKER,614,1,1.6,0500000US48471,601,0,-,579,1,1.7,631,0,- ,674,0,-,27854,17581,5517,4279,477,28048,17389,5372,4409,878,28361,17529,5426,4508,898,28608,17547,5454,4629,978,27854,17581,5517,4279,477,3099,2,64.54,140725,87627,62.27,27286,19.39,22104,15.71,3708,2.63,69,Non-Border,48471,G4804710
WALLER,594,0,- ,0500000US48473,539,1,1.9,579,0,- ,594,0,- ,667,0,-,21810,9887,5859,5843,221,22133,9831,5752,6099,451,22476,9926,5832,6260,458,22897,9991,5793,6645,468,21810,9887,5859,5843,221,2973,1,33.64,111126,49522,44.56,29095,26.18,30690,27.62,1819,1.64,66,Non-Border,48473,G4804730
WARD,136,0,- ,0500000US48475,163,0,-,170,0,- ,194,0,- ,187,0,-,5507,2629,247,2587,44,5585,2610,234,2643,98,5640,2625,237,2678,100,5809,2663,247,2792,107,5507,2629,247,2587,44,850,0,0,28048,13156,46.91,1212,4.32,13287,47.37,393,1.40,81,Non-Border,48475,G4804750
WASHINGTON,438,0,- ,0500000US48477,420,1,2.4,396,0,- ,395,0,- ,415,1,2.4,17138,11605,3077,2175,281,17237,11475,3041,2286,435,17403,11506,3081,2369,447,17370,11393,3096,2425,456,17138,11605,3077,2175,281,2064,2,96.90,86286,57584,66.74,15372,17.82,11430,13.25,1900,2.20,59,Non-Border,48477,G4804770
WEBB,5526,0,- ,0500000US48479,5443,0,-,5432,0,- ,5555,1,0.2,5492,2,0.4,128816,3785,166,124053,812,133369,3772,151,128495,951,134583,3788,152,129689,954,136418,3736,165,131505,1012,128816,3785,166,124053,812,27448,3,10.93,662002,18866,2.85,800,0.12,637795,96.34,4541,0.69,86,Border,48479,G4804790
WHARTON,567,0,- ,0500000US48481,544,1,1.8,540,1,1.9,531,0,- ,552,0,-,20989,10259,3052,7552,126,20952,10061,2957,7689,245,21018,10033,2950,7788,247,20946,9854,2950,7889,253,20989,10259,3052,7552,126,2734,2,73.15,104894,50466,48.11,14961,14.26,38470,36.68,997,0.95,59.6,Non-Border,48481,G4804810
WHEELER,77,0,- ,0500000US48483,60,0,-,72,0,- ,78,0,- ,100,0,-,2749,2009,67,647,26,2776,1977,68,670,61,2844,2011,70,702,61,2937,2037,61,768,71,2749,2009,67,647,26,387,0,0,14055,10043,71.45,333,2.37,3434,24.43,245,1.74,59.5,Non-Border,48483,G4804830
WICHITA,1789,0,- ,0500000US48485,1835,1,0.5,1766,2,1.1,1764,1,0.6,1816,3,1.7,64062,45400,6517,10042,2103,64079,44290,6076,10385,3328,64213,44185,6122,10545,3361,64673,43916,6178,11080,3499,64062,45400,6517,10042,2103,8970,7,78.04,321089,223191,69.51,31410,9.78,52094,16.22,14394,4.48,78,Non-Border,48485,G4804850
WILBARGER,181,0,- ,0500000US48487,172,0,-,170,0,- ,163,0,- ,155,0,-,6799,4431,515,1732,121,6775,4313,498,1763,201,6802,4309,500,1787,206,6558,4064,477,1806,211,6799,4431,515,1732,121,841,0,0,33733,21548,63.88,2505,7.43,8820,26.15,860,2.55,72,Non-Border,48487,G4804870
WILLACY,361,0,- ,0500000US48489,299,0,-,328,0,- ,314,0,- ,293,0,-,10104,1031,43,8989,41,10129,999,40,9025,65,10144,992,40,9047,65,10023,965,37,8959,62,10104,1031,43,8989,41,1595,0,0,50504,5018,9.94,203,0.40,45009,89.12,274,0.54,66,Border,48489,G4804890
WILLIAMSON,6164,0,- ,0500000US48491,5976,5,0.8,6135,0,- ,6049,2,0.3,6457,2,0.3,214647,139508,13903,48972,12264,223975,141530,13271,52271,16903,228764,144144,13536,53696,17388,237481,147342,14236,57427,18476,214647,139508,13903,48972,12264,30781,9,29.24,1119514,712032,63.60,68849,6.15,261338,23.34,77295,6.90,81,Non-Border,48491,G4804910
WILSON,429,1,2.3,0500000US48493,468,0,-,497,0,- ,519,1,1.9,514,0,-,21546,12737,332,8269,208,22353,13023,312,8644,374,22832,13276,318,8851,387,22932,13289,307,8920,416,21546,12737,332,8269,208,2427,2,82.41,111209,65062,58.50,1601,1.44,42953,38.62,1593,1.43,76,Non-Border,48493,G4804930
WINKLER,103,1,9.7,0500000US48495,107,0,-,132,0,- ,131,1,7.6,136,0,-,3560,1547,73,1901,39,3567,1521,66,1923,57,3589,1512,67,1953,57,3729,1565,69,2037,58,3560,1547,73,1901,39,609,2,328.41,18005,7692,42.72,348,1.93,9715,53.96,250,1.39,76,Non-Border,48495,G4804950
WISE,791,0,- ,0500000US48497,719,2,2.8,763,1,1.3,789,0,- ,773,0,-,29324,23906,244,4830,344,29932,23893,184,5143,712,30188,24035,186,5243,724,30635,24000,194,5664,777,29324,23906,244,4830,344,3835,3,78.23,149403,119740,80.15,1052,0.70,25710,17.21,2901,1.94,61.2,Non-Border,48497,G4804970
WOOD,430,1,2.3,0500000US48499,389,0,-,415,0,- ,407,1,2.5,418,0,-,21342,18425,1052,1645,220,21393,18266,978,1706,443,21488,18308,975,1756,449,21893,18574,1015,1840,464,21342,18425,1052,1645,220,2059,2,97.13,107458,91998,85.61,5072,4.72,8592,8.00,1796,1.67,59.8,Non-Border,48499,G4804990
YOAKUM,128,0,- ,0500000US48501,134,0,-,128,0,- ,193,0,- ,147,0,-,3980,1613,36,2304,27,4005,1564,29,2354,58,4053,1570,29,2395,59,4116,1543,31,2480,62,3980,1613,36,2304,27,730,0,0,20134,7903,39.25,161,0.80,11837,58.79,233,1.16,57.9,Non-Border,48501,G4805010
YOUNG,228,0,- ,0500000US48503,218,0,-,246,0,- ,224,0,- ,230,0,-,9402,7803,122,1390,87,9428,7701,99,1447,181,9549,7764,102,1497,186,9600,7753,98,1559,190,9402,7803,122,1390,87,1146,0,0,47381,38824,81.94,543,1.15,7283,15.37,731,1.54,71.9,Non-Border,48503,G4805030
ZAPATA,340,0,- ,0500000US48505,296,0,-,283,0,- ,274,0,- ,308,0,-,6974,408,4,6531,31,7098,394,4,6657,43,7235,395,4,6792,44,7125,385,1,6703,36,6974,408,4,6531,31,1501,0,0,35406,1990,5.62,17,0.05,33214,93.81,185,0.52,85,Border,48505,G4805050
ZAVALA,201,0,- ,0500000US48507,198,0,-,215,0,- ,204,0,- ,197,0,-,5917,335,16,5556,10,5976,328,13,5617,18,6082,331,13,5720,18,6113,326,11,5756,20,5917,335,16,5556,10,1015,0,0,30005,1655,5.52,69,0.23,28205,94.00,76,0.25,64.3,Border,48507,G4805070
